"date","adm_core","adm_com","adm_less","adm_prom","adm_sch","adm_spec","adm_swim"
2010-01-01,0,0,0,0,0,0,0
2010-01-02,51,9,0,0,0,0,0
2010-01-03,31,0,0,0,0,17,0
2010-01-04,14,0,0,0,0,0,0
2010-01-05,18,7,0,0,0,0,0
2010-01-06,22,0,0,0,0,0,0
2010-01-07,11,0,0,0,0,0,0
2010-01-08,4,0,0,0,0,24,0
2010-01-09,22,0,0,0,0,30,0
2010-01-10,36,0,0,0,0,0,0
2010-01-11,22,0,0,0,37,0,47
2010-01-12,33,0,0,0,0,0,0
2010-01-13,15,0,0,0,0,0,0
2010-01-14,12,7,0,0,31,0,56
2010-01-15,1,0,0,0,0,72,0
2010-01-16,22,10,0,0,0,0,0
2010-01-17,23,0,0,0,0,0,0
2010-01-18,10,0,0,0,0,0,20
2010-01-19,14,11,0,0,171,0,52
2010-01-20,24,0,0,0,0,0,0
2010-01-21,16,0,0,0,110,0,20
2010-01-22,7,0,0,0,0,26,0
2010-01-23,17,11,0,0,0,0,0
2010-01-24,35,0,0,0,0,0,0
2010-01-25,13,0,0,0,0,0,0
2010-01-26,23,0,0,0,138,0,0
2010-01-27,12,0,0,0,0,0,0
2010-01-28,1,0,0,0,0,0,0
2010-01-29,2,0,0,0,0,20,0
2010-01-30,28,0,0,0,0,14,0
2010-01-31,33,0,0,0,0,19,0
2010-02-01,13,0,0,0,0,0,0
2010-02-02,26,4,0,0,0,0,0
2010-02-03,6,0,0,0,0,0,0
2010-02-04,14,0,0,0,0,0,0
2010-02-05,0,0,0,0,0,0,0
2010-02-06,21,0,0,0,0,0,0
2010-02-07,56,0,0,0,0,0,0
2010-02-08,5,0,0,0,0,0,0
2010-02-09,17,8,0,0,0,0,0
2010-02-10,10,0,0,0,0,0,0
2010-02-11,6,0,0,0,0,0,0
2010-02-12,4,0,0,0,0,21,0
2010-02-13,40,0,0,0,0,0,0
2010-02-14,29,0,0,0,0,0,0
2010-02-15,11,0,0,0,0,0,0
2010-02-16,12,2,0,0,0,0,0
2010-02-17,25,0,0,0,0,0,0
2010-02-18,17,0,0,0,0,0,0
2010-02-19,4,0,0,0,0,60,0
2010-02-20,62,0,0,0,0,0,0
2010-02-21,39,0,0,0,0,10,0
2010-02-22,12,0,0,0,0,0,0
2010-02-23,14,0,0,0,0,0,0
2010-02-24,9,0,0,0,0,0,0
2010-02-25,16,0,0,0,0,0,0
2010-02-26,2,0,0,0,0,41,0
2010-02-27,60,0,0,0,0,0,0
2010-02-28,42,0,0,0,0,0,0
2010-03-01,9,0,0,0,0,0,0
2010-03-02,19,0,0,0,0,0,0
2010-03-03,18,0,0,0,0,0,0
2010-03-04,19,0,0,0,0,0,0
2010-03-05,2,0,0,0,0,0,0
2010-03-06,45,0,0,0,0,36,0
2010-03-07,35,0,0,0,0,23,0
2010-03-08,18,0,0,0,0,0,0
2010-03-09,27,0,0,0,0,0,0
2010-03-10,15,0,0,0,0,0,0
2010-03-11,25,0,0,0,0,0,0
2010-03-12,2,0,0,0,0,49,0
2010-03-13,30,0,0,0,0,14,0
2010-03-14,32,0,0,0,0,0,0
2010-03-15,28,16,0,0,0,0,0
2010-03-16,66,0,0,0,0,0,0
2010-03-17,42,0,0,0,0,0,0
2010-03-18,51,0,0,0,0,0,0
2010-03-19,2,0,0,0,0,72,0
2010-03-20,64,0,0,0,0,0,0
2010-03-21,21,0,0,0,0,0,0
2010-03-22,22,0,0,0,0,0,0
2010-03-23,25,0,0,0,0,0,0
2010-03-24,20,0,0,0,0,0,0
2010-03-25,30,0,0,0,0,0,0
2010-03-26,4,0,0,0,0,0,0
2010-03-27,81,0,0,0,0,0,0
2010-03-28,56,0,0,0,0,17,0
2010-03-29,24,0,0,0,0,0,0
2010-03-30,29,0,0,0,0,0,0
2010-03-31,19,0,0,0,0,0,0
2010-04-01,20,9,0,0,0,0,0
2010-04-02,3,0,0,0,0,42,0
2010-04-03,34,0,0,0,0,7,0
2010-04-04,0,0,0,0,0,0,0
2010-04-05,25,0,0,0,0,0,0
2010-04-06,42,0,0,0,0,0,0
2010-04-07,36,0,0,0,0,0,0
2010-04-08,25,7,0,0,0,0,0
2010-04-09,3,0,0,0,0,173,0
2010-04-10,82,0,0,0,0,11,0
2010-04-11,36,0,0,0,0,0,0
2010-04-12,52,0,0,0,0,0,0
2010-04-13,39,3,0,0,0,0,0
2010-04-14,55,0,0,0,0,0,0
2010-04-15,38,5,0,0,0,0,0
2010-04-16,4,0,0,0,0,77,0
2010-04-17,67,0,0,0,0,28,0
2010-04-18,29,1,0,0,0,48,0
2010-04-19,35,11,0,0,0,0,0
2010-04-20,46,0,0,0,0,0,0
2010-04-21,39,2,0,0,0,0,0
2010-04-22,22,7,0,0,0,0,0
2010-04-23,2,0,0,0,0,62,0
2010-04-24,43,0,0,0,0,31,0
2010-04-25,41,0,0,0,0,40,0
2010-04-26,4,0,0,0,0,0,0
2010-04-27,26,0,0,0,0,0,0
2010-04-28,1,0,0,0,0,0,0
2010-04-29,38,1,0,0,0,0,0
2010-04-30,3,0,0,0,0,76,0
2010-05-01,86,0,410,0,0,0,0
2010-05-02,10,2,2,0,0,0,0
2010-05-03,20,3,8,0,0,0,0
2010-05-04,37,21,17,0,0,0,0
2010-05-05,38,31,7,0,0,0,0
2010-05-06,39,19,5,0,0,0,0
2010-05-07,5,0,7,0,0,72,0
2010-05-08,43,0,15,0,0,23,0
2010-05-09,25,0,1,0,0,25,0
2010-05-10,32,0,11,0,0,0,0
2010-05-11,5,0,9,0,0,0,0
2010-05-12,44,20,2,0,0,1,0
2010-05-13,37,2,14,0,0,0,0
2010-05-14,5,0,0,0,0,74,0
2010-05-15,60,15,7,0,0,0,0
2010-05-16,45,1,2,0,0,25,0
2010-05-17,65,11,24,0,0,0,0
2010-05-18,51,11,23,0,0,0,0
2010-05-19,53,0,2,0,0,0,0
2010-05-20,27,7,17,0,0,0,0
2010-05-21,5,0,2,0,0,136,0
2010-05-22,148,0,27,0,0,52,0
2010-05-23,36,0,9,0,0,0,0
2010-05-24,58,11,4,0,0,0,0
2010-05-25,48,0,10,0,0,0,0
2010-05-26,72,0,6,0,0,0,0
2010-05-27,6,0,7,0,0,0,0
2010-05-28,6,0,6,0,0,138,0
2010-05-29,536,2,136,1,0,0,2
2010-05-30,390,0,17,0,0,455,0
2010-05-31,1125,0,34,23,0,0,0
2010-06-01,709,77,53,34,0,0,0
2010-06-02,777,36,55,93,0,0,0
2010-06-03,1059,176,40,49,0,0,0
2010-06-04,1104,140,60,60,0,192,0
2010-06-05,1267,0,24,41,0,18,0
2010-06-06,676,0,9,6,0,947,0
2010-06-07,907,114,42,58,0,0,0
2010-06-08,1181,232,54,67,0,0,0
2010-06-09,1044,154,26,69,0,0,0
2010-06-10,1086,112,11,83,0,0,0
2010-06-11,1004,183,27,83,0,133,0
2010-06-12,621,16,5,39,0,0,1
2010-06-13,330,0,3,0,0,589,0
2010-06-14,681,78,12,59,0,0,9
2010-06-15,811,163,7,69,0,0,0
2010-06-16,546,156,26,147,0,0,0
2010-06-17,772,177,20,45,0,0,0
2010-06-18,647,160,21,46,0,95,0
2010-06-19,801,0,9,38,0,7,0
2010-06-20,244,0,0,0,0,295,0
2010-06-21,768,192,18,5,0,6,0
2010-06-22,617,150,8,55,0,0,0
2010-06-23,862,167,11,118,0,0,65
2010-06-24,778,186,10,80,0,0,0
2010-06-25,735,194,16,63,0,59,0
2010-06-26,502,41,8,30,0,0,0
2010-06-27,326,0,2,0,0,537,0
2010-06-28,414,230,12,55,0,0,0
2010-06-29,611,159,14,87,0,0,0
2010-06-30,642,221,11,26,0,0,0
2010-07-01,575,166,10,58,0,0,0
2010-07-02,613,117,14,97,0,0,0
2010-07-03,410,0,7,16,0,18,75
2010-07-04,123,0,0,0,0,133,0
2010-07-05,740,0,9,32,0,0,0
2010-07-06,743,82,17,24,0,0,0
2010-07-07,318,161,1,29,0,0,0
2010-07-08,440,197,25,29,0,0,0
2010-07-09,602,130,14,37,0,66,0
2010-07-10,626,30,6,41,0,24,0
2010-07-11,220,0,3,0,0,290,0
2010-07-12,528,126,20,47,0,0,0
2010-07-13,666,183,11,57,0,0,0
2010-07-14,565,74,1,82,0,0,0
2010-07-15,434,135,1,37,0,0,0
2010-07-16,755,131,3,53,0,140,0
2010-07-17,715,0,1,34,0,0,0
2010-07-18,409,0,0,4,0,416,0
2010-07-19,649,160,3,84,0,0,0
2010-07-20,777,202,3,81,0,0,0
2010-07-21,728,211,6,81,0,0,0
2010-07-22,559,256,8,91,0,0,0
2010-07-23,556,195,16,40,0,90,0
2010-07-24,151,0,6,0,0,34,0
2010-07-25,60,16,4,0,0,152,0
2010-07-26,91,124,17,6,0,0,0
2010-07-27,445,230,5,65,0,0,0
2010-07-28,327,148,1,37,0,0,65
2010-07-29,342,111,0,64,0,0,0
2010-07-30,419,99,0,13,0,64,0
2010-07-31,212,0,0,38,0,0,75
2010-08-01,135,0,0,0,0,244,0
2010-08-02,463,104,0,22,0,0,0
2010-08-03,570,185,0,25,0,0,0
2010-08-04,499,122,0,42,0,0,0
2010-08-05,455,101,0,23,0,0,0
2010-08-06,423,110,0,52,0,59,0
2010-08-07,486,25,0,39,0,0,0
2010-08-08,310,0,0,0,0,352,0
2010-08-09,496,32,0,48,0,0,0
2010-08-10,521,107,0,22,0,0,0
2010-08-11,548,37,0,42,0,0,65
2010-08-12,418,69,0,43,0,0,0
2010-08-13,373,65,0,22,0,97,65
2010-08-14,539,0,0,49,0,28,0
2010-08-15,209,0,0,0,0,125,0
2010-08-16,39,0,0,0,0,0,0
2010-08-17,40,0,0,0,0,0,0
2010-08-18,34,34,0,0,0,0,0
2010-08-19,31,0,0,0,0,0,0
2010-08-20,10,0,0,0,0,64,0
2010-08-21,81,0,0,2,0,0,0
2010-08-22,47,0,0,0,0,88,0
2010-08-23,7,0,0,0,0,0,0
2010-08-24,28,6,0,0,0,0,0
2010-08-25,27,0,0,0,0,0,0
2010-08-26,21,0,0,0,0,0,0
2010-08-27,10,0,0,0,0,69,0
2010-08-28,40,6,0,14,0,0,0
2010-08-29,34,0,0,0,0,60,0
2010-08-30,22,0,0,0,0,0,0
2010-08-31,23,12,0,0,0,0,0
2010-09-01,19,0,0,0,0,0,0
2010-09-02,17,0,0,0,0,0,0
2010-09-03,4,0,0,0,0,27,0
2010-09-04,46,0,0,0,0,12,0
2010-09-05,32,0,0,0,0,70,0
2010-09-06,22,0,0,0,0,0,0
2010-09-07,14,0,0,0,0,0,0
2010-09-08,22,0,0,0,0,0,0
2010-09-09,20,0,0,0,0,0,0
2010-09-10,3,0,0,0,0,71,0
2010-09-11,63,7,0,0,0,0,0
2010-09-12,10,0,0,0,0,0,0
2010-09-13,16,0,0,0,0,0,0
2010-09-14,20,0,0,0,0,0,0
2010-09-15,26,3,0,0,0,0,0
2010-09-16,14,0,0,0,0,0,0
2010-09-17,4,0,0,0,0,60,0
2010-09-18,36,1,0,0,0,9,0
2010-09-19,35,0,0,0,0,75,0
2010-09-20,10,0,0,0,0,0,0
2010-09-21,30,0,0,0,0,0,0
2010-09-22,18,0,0,0,0,0,0
2010-09-23,9,0,0,0,0,0,0
2010-09-24,3,0,0,0,0,43,0
2010-09-25,34,0,0,0,0,0,0
2010-09-26,19,0,0,0,0,49,0
2010-09-27,10,0,0,0,0,0,0
2010-09-28,18,0,0,0,0,0,0
2010-09-29,11,0,0,0,0,0,0
2010-09-30,22,0,0,0,0,0,0
2010-10-01,3,0,0,0,0,75,0
2010-10-02,24,0,0,0,0,0,0
2010-10-03,15,0,0,0,0,25,0
2010-10-04,13,0,0,0,0,0,0
2010-10-05,18,0,0,0,0,0,0
2010-10-06,18,0,0,0,0,0,0
2010-10-07,18,0,0,0,0,0,0
2010-10-08,2,0,0,0,0,22,0
2010-10-09,20,0,0,0,0,0,0
2010-10-10,12,0,0,0,0,40,0
2010-10-11,10,0,0,0,0,0,0
2010-10-12,31,0,0,0,0,0,0
2010-10-13,14,0,0,0,0,0,0
2010-10-14,19,0,0,0,0,0,0
2010-10-15,3,0,0,0,0,49,0
2010-10-16,16,0,0,0,0,0,0
2010-10-17,11,0,0,0,0,0,0
2010-10-18,17,0,0,0,0,0,0
2010-10-19,22,0,0,0,0,0,0
2010-10-20,12,10,0,0,0,0,0
2010-10-21,11,0,0,0,0,0,0
2010-10-22,2,0,0,0,0,16,0
2010-10-23,24,0,0,0,0,8,0
2010-10-24,14,0,0,0,0,42,0
2010-10-25,8,0,0,0,0,0,0
2010-10-26,13,0,0,0,0,0,0
2010-10-27,11,0,0,0,0,0,0
2010-10-28,7,0,0,0,0,0,0
2010-10-29,3,0,0,0,0,30,0
2010-10-30,15,0,0,0,0,0,0
2010-10-31,14,0,0,0,0,0,0
2010-11-01,6,0,0,0,0,0,0
2010-11-02,17,0,0,0,0,0,0
2010-11-03,15,0,0,0,0,0,0
2010-11-04,16,0,0,0,0,0,0
2010-11-05,3,0,0,0,0,49,0
2010-11-06,20,0,0,0,0,0,0
2010-11-07,23,0,0,0,0,30,0
2010-11-08,8,0,0,0,0,0,0
2010-11-09,9,0,0,0,0,0,0
2010-11-10,19,10,0,0,0,0,0
2010-11-11,8,0,0,0,0,0,0
2010-11-12,4,0,0,0,0,20,0
2010-11-13,10,0,0,0,0,5,0
2010-11-14,16,0,0,0,0,5,0
2010-11-15,9,0,0,0,0,0,0
2010-11-16,10,0,0,0,0,0,0
2010-11-17,9,0,0,0,0,0,0
2010-11-18,3,0,0,0,0,0,0
2010-11-19,2,0,0,0,0,45,0
2010-11-20,21,0,0,0,0,29,0
2010-11-21,16,0,0,0,0,9,0
2010-11-22,6,0,0,0,0,0,0
2010-11-23,3,0,0,0,0,0,0
2010-11-24,6,0,0,0,0,0,0
2010-11-25,0,0,0,0,0,0,0
2010-11-26,3,0,0,0,0,1,0
2010-11-27,7,0,0,0,0,0,0
2010-11-28,17,0,0,0,0,5,0
2010-11-29,8,0,0,0,0,0,0
2010-11-30,10,0,0,0,0,0,0
2010-12-01,10,0,0,0,0,0,1
2010-12-02,5,0,0,0,0,0,0
2010-12-03,2,0,0,0,0,17,0
2010-12-04,31,0,0,0,0,0,0
2010-12-05,9,0,0,0,0,25,0
2010-12-06,13,0,0,0,0,0,0
2010-12-07,15,0,0,0,0,0,0
2010-12-08,14,0,0,0,0,0,0
2010-12-09,5,0,0,0,0,0,0
2010-12-10,2,0,0,0,0,19,60
2010-12-11,20,0,0,0,0,0,0
2010-12-12,13,0,0,0,0,1,0
2010-12-13,6,0,0,0,0,0,0
2010-12-14,15,9,0,0,0,0,0
2010-12-15,6,0,0,0,0,0,0
2010-12-16,7,0,0,0,0,0,0
2010-12-17,3,0,0,0,0,17,0
2010-12-18,22,0,0,0,0,8,0
2010-12-19,15,0,0,0,0,0,0
2010-12-20,23,0,0,0,50,0,103
2010-12-21,25,0,0,0,50,0,64
2010-12-22,24,12,0,0,50,0,78
2010-12-23,16,0,0,0,0,0,0
2010-12-24,4,0,0,0,0,0,0
2010-12-25,0,0,0,0,0,0,0
2010-12-26,18,0,0,0,0,0,0
2010-12-27,16,0,0,0,0,0,0
2010-12-28,28,0,0,0,0,0,0
2010-12-29,26,4,0,0,0,0,0
2010-12-30,23,0,0,0,56,0,15
2010-12-31,8,0,0,0,0,0,0
2011-01-01,0,0,0,0,0,0,0
2011-01-02,20,0,0,0,0,24,0
2011-01-03,27,0,0,0,20,0,45
2011-01-04,30,0,0,0,35,0,0
2011-01-05,20,0,0,0,0,0,0
2011-01-06,7,0,0,0,0,0,0
2011-01-07,3,0,0,0,0,29,0
2011-01-08,51,0,0,0,0,13,0
2011-01-09,16,0,0,0,0,0,0
2011-01-10,19,0,0,0,60,0,30
2011-01-11,15,0,0,0,90,0,60
2011-01-12,11,0,0,0,97,0,36
2011-01-13,9,0,0,0,175,0,62
2011-01-14,3,0,0,0,0,55,0
2011-01-15,45,0,0,0,0,0,0
2011-01-16,16,0,0,0,0,0,0
2011-01-17,19,0,0,0,0,0,0
2011-01-18,6,0,0,0,0,0,0
2011-01-19,28,0,0,0,0,0,0
2011-01-20,23,0,0,0,44,0,78
2011-01-21,1,0,0,0,0,28,0
2011-01-22,72,0,0,0,0,0,0
2011-01-23,19,0,0,0,0,0,0
2011-01-24,31,0,0,0,0,0,0
2011-01-25,21,0,0,0,0,0,0
2011-01-26,15,2,0,0,27,0,156
2011-01-27,15,0,0,0,244,0,63
2011-01-28,4,0,0,0,90,57,50
2011-01-29,37,0,0,0,0,0,0
2011-01-30,42,0,0,0,0,0,0
2011-01-31,13,0,0,0,53,0,44
2011-02-01,0,0,0,0,0,0,0
2011-02-02,8,0,0,0,0,0,0
2011-02-03,0,0,0,0,0,0,0
2011-02-04,0,0,0,0,0,0,0
2011-02-05,10,0,0,0,0,0,0
2011-02-06,0,0,0,0,0,0,0
2011-02-07,0,0,0,0,0,0,0
2011-02-08,12,0,0,0,27,0,128
2011-02-09,15,0,0,0,35,0,36
2011-02-10,6,0,0,0,146,0,131
2011-02-11,5,0,0,0,0,41,0
2011-02-12,31,0,0,0,0,0,0
2011-02-13,15,0,0,0,0,0,0
2011-02-14,14,0,0,0,69,0,47
2011-02-15,8,0,0,0,0,0,0
2011-02-16,35,0,0,0,0,0,0
2011-02-17,18,0,0,0,128,0,79
2011-02-18,6,0,0,0,0,57,0
2011-02-19,43,0,0,0,0,0,0
2011-02-20,23,0,0,0,0,0,0
2011-02-21,14,0,0,0,22,0,26
2011-02-22,10,0,0,0,0,0,0
2011-02-23,29,0,0,0,0,0,56
2011-02-24,20,0,0,0,0,0,0
2011-02-25,4,0,0,0,53,39,21
2011-02-26,43,0,0,0,0,0,0
2011-02-27,10,0,0,0,0,0,0
2011-02-28,17,0,0,0,0,0,0
2011-03-01,18,16,0,0,0,0,0
2011-03-02,25,7,0,0,54,0,54
2011-03-03,40,0,0,0,0,0,0
2011-03-04,6,0,0,0,0,68,0
2011-03-05,40,4,0,0,0,0,0
2011-03-06,38,0,0,0,0,0,0
2011-03-07,21,0,0,0,0,0,0
2011-03-08,29,0,0,0,0,0,0
2011-03-09,30,0,0,0,0,0,0
2011-03-10,36,0,0,0,0,0,0
2011-03-11,4,0,0,0,0,64,0
2011-03-12,69,0,0,0,0,0,0
2011-03-13,24,0,0,0,0,0,0
2011-03-14,65,0,0,0,0,0,0
2011-03-15,50,0,0,0,0,0,0
2011-03-16,72,0,0,0,0,0,0
2011-03-17,67,0,0,0,0,0,0
2011-03-18,4,0,0,0,0,105,0
2011-03-19,102,0,0,0,0,20,0
2011-03-20,33,0,0,0,0,0,0
2011-03-21,47,0,0,0,0,0,0
2011-03-22,23,0,0,0,0,0,0
2011-03-23,25,0,0,0,0,0,0
2011-03-24,16,0,0,0,0,0,0
2011-03-25,4,0,0,0,0,103,0
2011-03-26,64,0,0,0,0,30,0
2011-03-27,23,0,0,0,0,0,0
2011-03-28,35,0,0,0,30,0,30
2011-03-29,16,0,0,0,0,0,0
2011-03-30,4,0,0,0,0,0,0
2011-03-31,0,0,0,0,0,0,0
2011-04-01,0,0,0,0,0,0,0
2011-04-02,0,0,0,0,0,0,0
2011-04-03,0,0,0,0,0,0,0
2011-04-04,0,0,0,0,0,0,0
2011-04-05,0,0,0,0,0,0,0
2011-04-06,0,0,0,0,0,0,0
2011-04-07,25,6,0,0,0,0,0
2011-04-08,6,0,0,0,0,111,0
2011-04-09,84,9,0,0,0,0,0
2011-04-10,18,0,0,0,0,0,0
2011-04-11,23,0,0,0,0,0,0
2011-04-12,22,0,0,0,0,0,0
2011-04-13,17,0,0,0,0,0,0
2011-04-14,21,0,0,0,0,0,0
2011-04-15,5,0,0,0,0,110,0
2011-04-16,70,21,0,0,0,0,0
2011-04-17,32,0,0,0,0,0,0
2011-04-18,47,27,0,0,0,0,0
2011-04-19,28,6,0,0,0,0,0
2011-04-20,33,0,0,0,100,0,100
2011-04-21,36,0,0,0,0,0,0
2011-04-22,5,0,0,0,0,85,0
2011-04-23,88,0,0,0,0,0,0
2011-04-24,0,0,0,0,0,0,0
2011-04-25,31,11,0,0,0,0,0
2011-04-26,24,0,0,0,0,0,0
2011-04-27,17,0,0,0,0,0,0
2011-04-28,18,0,0,0,0,0,0
2011-04-29,18,0,2,0,0,89,0
2011-04-30,87,0,476,0,0,0,0
2011-05-01,16,0,10,0,0,30,0
2011-05-02,20,13,3,0,0,0,0
2011-05-03,21,21,12,0,0,0,0
2011-05-04,57,0,13,0,0,0,0
2011-05-05,25,0,4,0,0,0,0
2011-05-06,4,0,9,0,0,97,0
2011-05-07,62,0,6,0,0,17,0
2011-05-08,31,0,1,0,0,64,0
2011-05-09,32,10,6,0,0,0,0
2011-05-10,34,0,5,0,0,0,0
2011-05-11,24,0,10,0,0,0,0
2011-05-12,1,0,1,0,0,0,0
2011-05-13,6,0,0,0,0,0,0
2011-05-14,98,9,18,0,0,0,0
2011-05-15,49,0,12,0,0,110,0
2011-05-16,43,0,6,0,0,0,0
2011-05-17,39,3,2,0,0,0,0
2011-05-18,17,0,7,0,0,0,0
2011-05-19,22,2,14,0,0,0,0
2011-05-20,96,0,5,0,0,0,0
2011-05-21,111,0,26,0,0,0,0
2011-05-22,37,2,15,0,0,0,0
2011-05-23,33,4,13,0,0,0,0
2011-05-24,51,0,27,0,0,0,0
2011-05-25,57,12,13,0,0,0,0
2011-05-26,32,0,9,0,0,0,0
2011-05-27,140,0,8,0,0,0,0
2011-05-28,386,17,76,11,0,9,0
2011-05-29,220,0,20,2,0,150,0
2011-05-30,648,0,34,8,0,0,0
2011-05-31,525,0,54,25,0,0,0
2011-06-01,661,37,49,63,0,0,40
2011-06-02,565,50,45,89,0,0,0
2011-06-03,630,0,38,29,0,6,0
2011-06-04,747,32,18,62,0,0,8
2011-06-05,418,0,1,3,0,492,0
2011-06-06,835,147,62,103,0,0,0
2011-06-07,661,214,40,170,0,0,0
2011-06-08,884,54,9,155,0,0,0
2011-06-09,741,278,24,184,0,0,0
2011-06-10,722,105,14,138,0,17,0
2011-06-11,780,25,5,55,0,0,0
2011-06-12,452,2,5,5,0,247,0
2011-06-13,694,179,38,108,0,0,0
2011-06-14,735,371,17,125,0,0,0
2011-06-15,785,285,28,80,0,0,0
2011-06-16,810,317,21,147,0,45,0
2011-06-17,597,204,29,87,0,92,45
2011-06-18,860,0,4,65,0,38,0
2011-06-19,253,0,14,0,0,159,0
2011-06-20,393,130,8,28,0,0,46
2011-06-21,786,279,11,82,0,0,65
2011-06-22,605,268,10,146,0,0,55
2011-06-23,833,304,4,173,0,0,0
2011-06-24,732,156,8,92,0,192,0
2011-06-25,979,63,14,47,0,0,0
2011-06-26,559,6,9,0,0,532,0
2011-06-27,951,254,28,123,0,0,51
2011-06-28,911,349,23,70,0,0,0
2011-06-29,992,315,22,98,0,0,0
2011-06-30,721,435,19,65,0,0,43
2011-07-01,781,155,10,102,0,124,10
2011-07-02,941,10,2,59,0,18,0
2011-07-03,450,0,2,6,0,412,0
2011-07-04,755,1,2,36,0,0,0
2011-07-05,784,212,13,96,0,0,0
2011-07-06,961,273,10,116,0,0,0
2011-07-07,1015,311,10,178,0,0,44
2011-07-08,874,174,16,110,0,126,81
2011-07-09,887,10,7,95,0,31,0
2011-07-10,448,0,2,0,0,444,0
2011-07-11,574,183,28,77,0,0,58
2011-07-12,684,328,11,361,0,0,0
2011-07-13,747,264,10,121,0,0,54
2011-07-14,649,350,5,89,0,0,147
2011-07-15,715,231,11,111,0,131,24
2011-07-16,836,12,0,37,0,21,0
2011-07-17,302,0,3,0,0,368,0
2011-07-18,611,268,14,22,0,0,0
2011-07-19,691,320,6,137,0,0,0
2011-07-20,731,213,12,117,0,0,29
2011-07-21,668,335,18,100,0,0,39
2011-07-22,595,210,23,73,0,0,50
2011-07-23,823,13,3,58,0,35,0
2011-07-24,417,0,4,0,0,328,0
2011-07-25,470,179,17,54,0,0,0
2011-07-26,686,265,0,101,0,0,0
2011-07-27,614,172,1,56,0,0,22
2011-07-28,645,295,1,71,0,0,0
2011-07-29,280,183,0,105,0,88,0
2011-07-30,371,39,0,60,0,10,0
2011-07-31,249,0,0,0,0,219,0
2011-08-01,537,185,11,102,0,0,0
2011-08-02,514,178,3,51,0,0,17
2011-08-03,498,131,0,96,0,0,0
2011-08-04,543,263,0,58,0,0,0
2011-08-05,342,191,18,60,0,24,11
2011-08-06,616,39,3,49,0,9,0
2011-08-07,383,15,1,0,0,418,0
2011-08-08,573,139,1,125,0,0,0
2011-08-09,580,19,0,84,0,0,0
2011-08-10,531,12,0,42,0,0,0
2011-08-11,379,47,4,37,0,0,0
2011-08-12,549,60,1,28,0,85,0
2011-08-13,406,26,0,91,0,0,0
2011-08-14,288,0,0,1,0,175,0
2011-08-15,50,0,0,8,4500,0,0
2011-08-16,43,0,0,3,0,0,0
2011-08-17,13,0,0,0,0,0,0
2011-08-18,20,0,2,0,0,0,0
2011-08-19,6,0,2,0,0,77,0
2011-08-20,71,0,0,6,0,0,0
2011-08-21,55,0,0,0,0,0,0
2011-08-22,41,0,8,0,0,0,0
2011-08-23,51,0,0,2,0,0,0
2011-08-24,11,0,2,0,0,0,0
2011-08-25,22,0,0,0,0,0,0
2011-08-26,5,0,0,0,0,45,0
2011-08-27,63,46,0,8,0,0,0
2011-08-28,46,0,0,0,0,60,0
2011-08-29,32,0,2,6,0,0,0
2011-08-30,17,0,0,6,0,0,0
2011-08-31,12,0,0,3,0,0,0
2011-09-01,12,0,0,35,0,0,0
2011-09-02,4,0,3,0,0,119,0
2011-09-03,46,0,0,0,0,0,0
2011-09-04,27,0,0,0,0,59,0
2011-09-05,26,0,0,0,0,0,0
2011-09-06,20,0,0,0,0,0,0
2011-09-07,18,0,0,0,0,0,0
2011-09-08,22,0,0,0,0,0,0
2011-09-09,5,0,0,0,0,19,0
2011-09-10,55,8,0,0,0,0,0
2011-09-11,20,0,1,0,0,40,0
2011-09-12,9,0,0,0,0,0,0
2011-09-13,23,0,0,0,0,0,0
2011-09-14,13,0,2,0,0,0,0
2011-09-15,14,0,0,0,0,0,0
2011-09-16,4,0,0,0,0,36,0
2011-09-17,34,0,0,0,0,0,0
2011-09-18,20,0,0,0,0,57,0
2011-09-19,20,0,0,0,0,0,0
2011-09-20,20,0,0,0,0,0,0
2011-09-21,11,0,0,0,0,0,0
2011-09-22,19,5,0,0,0,0,0
2011-09-23,6,0,0,0,0,37,0
2011-09-24,13,0,0,0,0,0,0
2011-09-25,19,0,0,0,0,24,0
2011-09-26,25,10,0,0,0,0,0
2011-09-27,10,5,0,0,0,0,0
2011-09-28,14,0,0,0,0,0,0
2011-09-29,18,0,0,0,0,0,0
2011-09-30,3,0,0,0,0,57,0
2011-10-01,48,0,0,0,0,0,0
2011-10-02,58,16,0,0,0,0,0
2011-10-03,13,0,0,0,0,0,0
2011-10-04,8,0,0,0,0,0,0
2011-10-05,13,12,0,0,0,0,0
2011-10-06,7,0,0,0,0,0,0
2011-10-07,5,0,0,0,0,36,0
2011-10-08,28,0,0,0,0,0,0
2011-10-09,32,0,0,0,0,0,0
2011-10-10,11,0,0,0,0,0,0
2011-10-11,15,8,0,0,0,0,0
2011-10-12,23,0,0,0,0,0,0
2011-10-13,10,0,0,0,0,0,0
2011-10-14,5,0,0,0,0,44,0
2011-10-15,24,0,0,0,0,0,0
2011-10-16,35,0,0,0,0,0,0
2011-10-17,9,0,0,0,0,0,0
2011-10-18,21,7,0,0,0,0,0
2011-10-19,12,0,0,0,0,0,0
2011-10-20,25,0,0,0,0,0,0
2011-10-21,7,0,0,0,0,64,0
2011-10-22,44,0,0,0,0,10,0
2011-10-23,39,0,0,0,0,10,0
2011-10-24,14,0,0,0,0,0,0
2011-10-25,14,0,0,0,0,0,0
2011-10-26,11,0,0,0,0,0,0
2011-10-27,10,0,0,0,0,0,0
2011-10-28,9,0,0,0,0,15,0
2011-10-29,20,0,0,0,0,5,0
2011-10-30,13,0,0,0,0,0,0
2011-10-31,5,0,0,0,0,0,0
2011-11-01,10,0,0,0,1180,0,786
2011-11-02,10,0,0,0,0,0,1
2011-11-03,11,0,0,0,0,0,0
2011-11-04,4,0,0,0,0,31,0
2011-11-05,18,0,0,0,0,0,8
2011-11-06,21,0,0,0,0,18,0
2011-11-07,11,0,0,0,21,0,54
2011-11-08,7,6,0,0,39,0,56
2011-11-09,9,0,0,0,0,0,0
2011-11-10,14,0,0,0,0,0,0
2011-11-11,6,0,0,0,0,36,0
2011-11-12,24,0,0,0,0,0,0
2011-11-13,23,0,0,0,0,0,0
2011-11-14,17,0,0,0,36,0,57
2011-11-15,16,0,0,0,109,0,35
2011-11-16,14,19,0,0,96,0,33
2011-11-17,10,0,0,0,47,0,127
2011-11-18,3,0,0,0,37,15,45
2011-11-19,27,0,0,0,0,16,0
2011-11-20,36,0,0,0,0,20,0
2011-11-21,12,0,0,0,0,0,0
2011-11-22,14,0,0,0,0,0,0
2011-11-23,12,0,0,0,0,0,39
2011-11-24,0,0,0,0,0,0,0
2011-11-25,5,0,0,0,0,21,0
2011-11-26,25,0,0,0,0,0,0
2011-11-27,36,0,0,0,0,16,0
2011-11-28,29,0,0,0,26,0,37
2011-11-29,18,0,0,0,32,0,72
2011-11-30,19,0,0,0,0,0,0
2011-12-01,14,0,0,0,85,0,92
2011-12-02,5,0,0,0,0,14,0
2011-12-03,24,12,0,0,0,0,0
2011-12-04,29,0,0,0,0,0,0
2011-12-05,6,0,0,0,0,0,0
2011-12-06,13,0,0,0,0,0,0
2011-12-07,18,0,4,0,0,0,50
2011-12-08,11,0,0,0,0,0,0
2011-12-09,4,0,0,0,0,33,0
2011-12-10,43,0,0,0,0,0,0
2011-12-11,37,0,0,0,0,9,0
2011-12-12,22,0,0,0,0,0,0
2011-12-13,13,0,0,0,0,0,0
2011-12-14,8,0,0,0,78,0,33
2011-12-15,10,0,0,0,0,0,0
2011-12-16,2,34,0,0,41,32,33
2011-12-17,20,0,0,0,0,0,0
2011-12-18,43,0,0,0,0,0,0
2011-12-19,8,0,0,0,0,0,0
2011-12-20,7,0,0,0,0,0,0
2011-12-21,13,0,0,0,0,0,99
2011-12-22,4,0,0,0,0,0,0
2011-12-23,0,0,0,0,30,22,21
2011-12-24,0,0,0,0,0,0,0
2011-12-25,0,0,0,0,0,0,0
2011-12-26,19,0,0,0,61,0,13
2011-12-27,11,0,0,0,20,0,50
2011-12-28,28,0,0,0,25,0,75
2011-12-29,12,0,0,0,0,0,0
2011-12-30,34,0,0,0,0,17,78
2011-12-31,0,0,0,0,0,0,0
2012-01-01,0,0,0,0,0,0,0
2012-01-02,27,0,2,0,0,0,93
2012-01-03,12,0,0,0,25,0,60
2012-01-04,24,0,0,0,0,0,0
2012-01-05,24,0,0,0,0,0,0
2012-01-06,5,0,2,0,0,50,85
2012-01-07,48,0,0,0,0,0,0
2012-01-08,74,0,0,0,0,9,0
2012-01-09,25,8,0,0,60,0,60
2012-01-10,8,0,0,0,0,0,0
2012-01-11,13,0,0,0,0,0,143
2012-01-12,46,5,2,0,0,0,0
2012-01-13,10,0,0,0,0,73,152
2012-01-14,26,11,0,0,0,0,0
2012-01-15,64,3,0,0,0,5,0
2012-01-16,26,0,0,0,17,0,64
2012-01-17,27,0,2,0,162,0,49
2012-01-18,23,0,0,0,73,0,90
2012-01-19,21,0,0,0,121,0,107
2012-01-20,4,0,0,0,45,60,72
2012-01-21,27,0,0,0,0,0,0
2012-01-22,33,0,0,0,0,0,0
2012-01-23,19,0,0,0,80,0,67
2012-01-24,12,13,0,0,114,0,100
2012-01-25,11,9,0,0,109,0,110
2012-01-26,28,0,0,0,0,0,0
2012-01-27,6,0,0,0,110,85,70
2012-01-28,27,0,0,0,0,0,0
2012-01-29,50,0,4,0,0,0,0
2012-01-30,32,0,0,0,96,0,20
2012-01-31,24,0,0,0,120,0,96
2012-02-01,14,15,0,0,0,0,0
2012-02-02,18,0,0,0,70,0,91
2012-02-03,8,0,0,0,0,66,0
2012-02-04,31,0,3,0,0,0,0
2012-02-05,37,0,0,0,0,0,0
2012-02-06,30,0,4,0,0,0,0
2012-02-07,16,0,2,0,100,0,110
2012-02-08,24,6,0,0,87,0,145
2012-02-09,23,0,0,0,0,0,0
2012-02-10,4,0,0,0,0,61,0
2012-02-11,37,25,0,0,0,0,0
2012-02-12,31,0,0,0,0,17,0
2012-02-13,15,0,3,0,120,0,87
2012-02-14,13,0,2,0,84,0,54
2012-02-15,11,0,0,0,0,0,0
2012-02-16,12,0,0,0,0,0,0
2012-02-17,5,0,0,0,0,53,0
2012-02-18,28,0,0,0,0,11,0
2012-02-19,39,0,0,0,0,26,0
2012-02-20,24,0,0,0,0,0,0
2012-02-21,27,10,0,0,0,0,0
2012-02-22,29,0,0,0,60,0,110
2012-02-23,13,0,0,0,48,0,92
2012-02-24,6,0,0,0,0,67,0
2012-02-25,49,8,1,0,0,0,0
2012-02-26,59,0,0,0,0,13,0
2012-02-27,26,0,1,0,0,0,0
2012-02-28,28,0,0,0,57,0,100
2012-02-29,17,7,1,0,23,0,94
2012-03-01,8,0,0,0,0,0,0
2012-03-02,5,0,0,0,0,30,61
2012-03-03,42,0,2,0,0,0,10
2012-03-04,17,0,0,0,0,43,0
2012-03-05,24,0,3,0,0,0,95
2012-03-06,29,0,0,0,94,0,149
2012-03-07,32,0,0,0,26,0,90
2012-03-08,17,0,0,0,0,0,0
2012-03-09,9,0,0,0,0,73,30
2012-03-10,25,0,0,0,0,0,0
2012-03-11,66,0,0,0,0,14,0
2012-03-12,51,0,0,0,0,0,70
2012-03-13,67,0,1,0,0,0,71
2012-03-14,88,0,2,0,15,0,80
2012-03-15,87,0,0,0,0,0,40
2012-03-16,4,0,0,0,0,160,0
2012-03-17,70,0,0,0,0,0,0
2012-03-18,32,0,0,0,0,49,0
2012-03-19,29,0,1,0,0,0,12
2012-03-20,31,0,2,0,0,0,54
2012-03-21,37,0,2,0,0,0,10
2012-03-22,35,0,0,0,90,0,97
2012-03-23,6,0,0,0,0,110,0
2012-03-24,88,38,0,0,0,0,0
2012-03-25,40,0,0,0,0,111,0
2012-03-26,52,0,0,0,0,0,12
2012-03-27,42,0,1,0,0,0,0
2012-03-28,56,0,2,0,0,0,0
2012-03-29,59,0,0,0,0,0,0
2012-03-30,7,0,0,0,0,142,0
2012-03-31,120,0,0,0,0,0,0
2012-04-01,43,0,0,0,0,119,0
2012-04-02,18,0,1,0,0,0,15
2012-04-03,29,0,0,0,0,0,0
2012-04-04,31,0,0,0,0,0,0
2012-04-05,38,0,0,0,0,0,0
2012-04-06,4,0,0,0,0,0,0
2012-04-07,0,0,0,0,0,0,0
2012-04-08,0,0,0,0,0,0,0
2012-04-09,46,1,0,0,0,0,15
2012-04-10,52,0,0,0,0,0,0
2012-04-11,48,0,0,0,0,0,0
2012-04-12,34,0,0,0,0,0,50
2012-04-13,2,0,0,0,0,132,0
2012-04-14,74,15,0,0,0,0,0
2012-04-15,20,0,0,0,0,77,0
2012-04-16,36,0,0,0,0,0,0
2012-04-17,44,0,0,0,0,0,0
2012-04-18,35,0,0,0,0,0,0
2012-04-19,42,0,0,0,0,0,0
2012-04-20,6,0,0,0,0,95,0
2012-04-21,86,31,0,0,0,0,0
2012-04-22,60,0,0,0,0,115,0
2012-04-23,3,0,0,0,0,0,0
2012-04-24,48,0,0,0,0,0,0
2012-04-25,88,0,0,0,0,0,0
2012-04-26,20,2,0,0,0,0,0
2012-04-27,8,0,0,0,9,120,18
2012-04-28,64,20,684,0,0,0,0
2012-04-29,57,0,19,0,0,143,0
2012-04-30,55,0,27,0,0,0,0
2012-05-01,63,0,19,0,0,0,0
2012-05-02,27,0,9,0,0,0,0
2012-05-03,24,0,1,0,0,0,0
2012-05-04,5,0,12,0,0,63,0
2012-05-05,128,11,9,0,0,0,0
2012-05-06,194,0,4,0,0,0,0
2012-05-07,47,27,6,0,0,0,0
2012-05-08,0,0,0,0,0,0,0
2012-05-09,0,0,0,0,0,0,0
2012-05-10,0,0,0,0,0,0,0
2012-05-11,0,0,0,0,0,0,0
2012-05-12,64,0,30,0,0,15,0
2012-05-13,26,0,1,0,0,31,0
2012-05-14,22,0,9,0,0,0,0
2012-05-15,53,0,14,0,0,0,0
2012-05-16,44,46,24,0,0,0,0
2012-05-17,71,0,8,0,0,0,0
2012-05-18,4,0,1,0,0,105,0
2012-05-19,117,37,18,0,0,0,0
2012-05-20,56,0,13,0,0,118,0
2012-05-21,70,25,11,0,0,0,0
2012-05-22,57,0,14,0,0,0,0
2012-05-23,66,0,12,0,0,0,0
2012-05-24,64,0,18,0,0,0,0
2012-05-25,6,0,13,0,0,204,0
2012-05-26,499,0,81,3,0,0,0
2012-05-27,260,0,11,0,0,261,0
2012-05-28,1007,0,53,31,0,6,0
2012-05-29,698,0,61,37,0,0,0
2012-05-30,851,0,58,57,0,0,6
2012-05-31,966,0,51,109,0,0,104
2012-06-01,846,0,57,79,0,162,0
2012-06-02,992,23,12,77,0,0,0
2012-06-03,539,0,14,0,0,594,0
2012-06-04,482,98,42,95,0,75,50
2012-06-05,830,154,31,186,0,0,0
2012-06-06,1068,127,34,111,0,0,77
2012-06-07,1048,225,24,160,0,0,0
2012-06-08,1009,241,40,150,0,179,11
2012-06-09,876,43,6,80,0,18,0
2012-06-10,669,0,1,3,0,628,0
2012-06-11,839,124,28,109,0,0,44
2012-06-12,882,422,33,149,0,0,26
2012-06-13,1043,253,26,232,0,0,43
2012-06-14,861,311,46,114,0,0,35
2012-06-15,887,310,23,163,0,182,51
2012-06-16,616,3,7,67,0,85,0
2012-06-17,481,0,5,0,0,405,0
2012-06-18,854,215,23,144,0,12,47
2012-06-19,913,396,15,166,0,0,36
2012-06-20,916,201,5,187,0,0,52
2012-06-21,726,288,6,170,0,0,41
2012-06-22,977,235,5,148,0,188,42
2012-06-23,882,40,1,103,0,170,0
2012-06-24,691,0,3,0,0,492,0
2012-06-25,846,154,7,179,0,0,52
2012-06-26,1059,281,19,174,0,0,56
2012-06-27,807,271,7,189,0,0,44
2012-06-28,838,244,6,112,0,0,49
2012-06-29,771,172,32,97,0,201,43
2012-06-30,920,32,5,92,0,37,212
2012-07-01,539,0,4,0,0,575,0
2012-07-02,666,119,5,98,0,0,0
2012-07-03,731,163,2,84,0,0,0
2012-07-04,661,4,0,66,0,35,0
2012-07-05,402,125,4,78,0,0,0
2012-07-06,396,97,8,72,0,153,0
2012-07-07,316,0,2,19,0,0,0
2012-07-08,392,0,3,3,0,340,0
2012-07-09,424,131,24,85,0,0,0
2012-07-10,509,251,14,83,0,0,43
2012-07-11,602,143,7,163,0,0,10
2012-07-12,601,298,8,100,0,0,62
2012-07-13,624,185,9,118,0,82,38
2012-07-14,792,14,3,71,0,29,0
2012-07-15,452,0,1,4,0,335,0
2012-07-16,639,126,7,101,0,0,67
2012-07-17,627,249,3,120,0,0,54
2012-07-18,592,202,5,106,0,0,0
2012-07-19,563,242,5,60,0,0,48
2012-07-20,680,166,15,81,0,0,0
2012-07-21,755,28,2,65,0,82,115
2012-07-22,313,0,0,0,0,276,0
2012-07-23,508,124,6,39,0,0,0
2012-07-24,510,180,1,103,0,0,38
2012-07-25,559,158,0,79,0,0,0
2012-07-26,382,288,1,120,0,0,0
2012-07-27,541,108,0,94,0,61,0
2012-07-28,667,58,0,14,0,11,0
2012-07-29,434,42,0,5,0,424,0
2012-07-30,509,108,0,86,0,9,0
2012-07-31,560,175,0,160,0,0,27
2012-08-01,615,121,0,102,0,0,25
2012-08-02,644,142,0,153,0,0,19
2012-08-03,542,101,0,97,0,61,43
2012-08-04,536,23,0,48,0,0,0
2012-08-05,281,101,0,0,0,297,0
2012-08-06,503,0,61,66,0,0,0
2012-08-07,504,89,0,130,0,0,0
2012-08-08,425,14,1,48,0,0,0
2012-08-09,557,38,0,72,0,0,0
2012-08-10,465,0,0,157,0,89,0
2012-08-11,695,17,0,73,0,20,0
2012-08-12,362,12,0,4,0,309,0
2012-08-13,46,0,0,0,0,0,0
2012-08-14,32,14,0,4,0,0,0
2012-08-15,57,0,1,5,0,0,0
2012-08-16,18,0,0,4,0,0,0
2012-08-17,21,0,0,4,0,80,123
2012-08-18,100,0,0,11,0,0,0
2012-08-19,149,0,0,0,0,0,0
2012-08-20,31,0,0,0,0,0,0
2012-08-21,50,0,0,0,0,0,0
2012-08-22,27,25,0,2,0,0,0
2012-08-23,31,0,0,3,114,0,0
2012-08-24,7,0,0,8,0,74,0
2012-08-25,74,0,0,9,0,0,0
2012-08-26,112,0,0,16,0,3,0
2012-08-27,56,0,0,1,0,0,0
2012-08-28,28,0,0,0,0,0,0
2012-08-29,36,0,0,3,0,0,507
2012-08-30,28,0,0,8,0,0,0
2012-08-31,6,0,0,0,367,73,0
2012-09-01,47,7,0,6,0,0,0
2012-09-02,107,0,0,0,0,0,0
2012-09-03,51,0,0,0,0,0,0
2012-09-04,25,0,0,0,136,0,0
2012-09-05,21,0,0,0,308,0,0
2012-09-06,22,0,0,0,0,0,0
2012-09-07,7,0,0,0,389,37,0
2012-09-08,42,0,0,0,0,13,0
2012-09-09,85,0,0,0,0,0,0
2012-09-10,36,0,0,0,0,0,0
2012-09-11,36,0,0,0,0,0,0
2012-09-12,27,0,0,0,0,0,0
2012-09-13,26,0,0,0,0,0,0
2012-09-14,42,0,0,0,0,52,0
2012-09-15,49,0,0,0,0,22,0
2012-09-16,54,0,0,0,0,3,0
2012-09-17,0,0,0,0,0,0,0
2012-09-18,0,0,0,0,0,0,0
2012-09-19,0,0,0,0,0,0,0
2012-09-20,0,0,0,0,0,0,0
2012-09-21,0,0,0,0,0,0,0
2012-09-22,36,22,0,0,0,0,0
2012-09-23,53,0,0,0,0,48,0
2012-09-24,20,0,0,0,0,0,0
2012-09-25,33,8,0,0,0,0,0
2012-09-26,26,0,0,0,0,0,0
2012-09-27,11,0,0,0,0,0,0
2012-09-28,3,0,0,0,0,79,0
2012-09-29,25,0,0,0,0,0,0
2012-09-30,47,0,0,0,0,8,0
2012-10-01,39,0,0,0,0,0,0
2012-10-02,33,4,0,0,0,0,0
2012-10-03,28,0,0,0,0,0,0
2012-10-04,11,0,0,0,0,0,0
2012-10-05,8,0,0,0,0,78,0
2012-10-06,27,0,0,0,0,25,0
2012-10-07,45,0,0,0,0,6,0
2012-10-08,14,0,0,0,0,0,0
2012-10-09,23,6,0,0,0,0,0
2012-10-10,26,0,0,0,0,0,0
2012-10-11,9,0,0,0,0,0,0
2012-10-12,4,0,0,0,0,20,0
2012-10-13,17,0,0,0,0,0,0
2012-10-14,33,0,0,0,0,13,0
2012-10-15,21,0,0,0,0,0,0
2012-10-16,12,0,0,0,0,0,0
2012-10-17,22,0,0,0,0,0,0
2012-10-18,11,0,0,0,0,0,0
2012-10-19,5,0,0,0,0,32,0
2012-10-20,22,0,1,0,0,13,0
2012-10-21,30,0,0,0,0,0,0
2012-10-22,15,0,0,0,0,0,0
2012-10-23,24,0,0,0,0,0,0
2012-10-24,10,0,0,0,0,0,0
2012-10-25,10,0,0,0,0,0,0
2012-10-26,5,0,0,0,0,36,0
2012-10-27,44,0,0,0,0,0,0
2012-10-28,36,0,0,0,0,0,0
2012-10-29,12,4,0,0,0,9,0
2012-10-30,15,0,0,0,0,0,0
2012-10-31,8,0,0,0,68,0,50
2012-11-01,15,0,0,0,0,0,0
2012-11-02,5,0,0,0,0,24,0
2012-11-03,41,0,0,0,0,0,15
2012-11-04,41,0,0,0,0,0,0
2012-11-05,16,0,0,0,60,0,100
2012-11-06,18,0,0,0,0,0,0
2012-11-07,13,0,0,0,50,0,100
2012-11-08,16,0,0,0,0,0,0
2012-11-09,4,0,0,0,66,39,32
2012-11-10,16,0,0,0,0,0,0
2012-11-11,35,0,0,0,0,0,0
2012-11-12,15,0,0,0,330,0,175
2012-11-13,16,7,0,0,0,0,0
2012-11-14,15,0,0,0,45,0,100
2012-11-15,11,0,0,0,50,0,79
2012-11-16,6,0,0,0,106,52,95
2012-11-17,21,0,0,0,0,28,0
2012-11-18,22,0,0,0,0,34,0
2012-11-19,19,0,0,0,50,0,100
2012-11-20,24,0,0,0,0,0,0
2012-11-21,16,0,0,0,0,0,0
2012-11-22,0,0,0,0,0,0,0
2012-11-23,5,0,0,0,0,11,0
2012-11-24,34,0,0,0,0,7,0
2012-11-25,28,0,0,0,0,0,0
2012-11-26,19,0,0,0,0,0,0
2012-11-27,9,0,0,0,50,0,120
2012-11-28,19,0,0,0,0,0,0
2012-11-29,11,0,0,0,0,0,0
2012-11-30,12,0,0,0,0,37,0
2012-12-01,60,0,0,0,0,0,0
2012-12-02,34,0,0,0,0,0,0
2012-12-03,19,0,26,0,75,0,120
2012-12-04,20,3,18,0,140,0,100
2012-12-05,16,0,0,0,0,0,0
2012-12-06,8,0,6,0,0,0,0
2012-12-07,6,0,0,0,0,19,0
2012-12-08,35,0,2,0,0,0,0
2012-12-09,23,0,0,0,0,0,0
2012-12-10,7,0,0,0,185,0,120
2012-12-11,11,0,0,0,110,0,100
2012-12-12,26,0,1,0,0,0,0
2012-12-13,6,0,0,0,0,0,0
2012-12-14,4,0,0,0,0,0,0
2012-12-15,14,0,0,0,0,0,0
2012-12-16,24,0,0,0,0,13,0
2012-12-17,12,0,0,0,0,0,0
2012-12-18,10,0,0,0,0,0,0
2012-12-19,11,0,0,0,0,0,136
2012-12-20,14,0,0,0,35,0,86
2012-12-21,8,0,0,0,0,27,0
2012-12-22,34,0,0,0,150,0,81
2012-12-23,33,0,0,0,0,0,0
2012-12-24,6,0,0,0,0,0,0
2012-12-25,0,0,0,0,0,0,0
2012-12-26,39,0,0,0,0,0,6
2012-12-27,38,0,0,0,0,0,45
2012-12-28,13,0,0,0,0,30,0
2012-12-29,47,0,0,0,0,0,0
2012-12-30,19,0,0,0,0,0,0
2012-12-31,6,0,0,0,0,0,0
2013-01-01,0,0,0,0,0,0,0
2013-01-02,45,0,0,0,0,0,0
2013-01-03,15,0,0,0,45,0,0
2013-01-04,10,0,0,0,0,28,0
2013-01-05,32,0,0,0,0,0,60
2013-01-06,41,0,2,0,0,0,0
2013-01-07,12,0,0,0,0,0,0
2013-01-08,18,0,1,0,85,0,65
2013-01-09,17,0,0,0,23,0,58
2013-01-10,20,0,0,0,101,0,65
2013-01-11,9,0,0,0,0,21,100
2013-01-12,40,0,0,0,0,0,0
2013-01-13,52,1,0,0,0,0,0
2013-01-14,3,0,1,0,48,0,78
2013-01-15,9,0,2,0,0,0,26
2013-01-16,14,0,0,0,0,0,0
2013-01-17,12,0,0,0,55,0,69
2013-01-18,3,0,0,0,0,37,115
2013-01-19,53,0,0,0,0,0,0
2013-01-20,53,0,1,0,0,0,0
2013-01-21,16,0,0,0,50,0,69
2013-01-22,10,8,0,0,0,0,0
2013-01-23,17,0,0,0,54,0,127
2013-01-24,13,0,0,0,30,0,101
2013-01-25,5,0,0,0,0,37,0
2013-01-26,29,0,2,0,0,0,0
2013-01-27,50,0,0,0,0,15,0
2013-01-28,8,0,0,0,0,0,23
2013-01-29,23,0,0,0,99,0,47
2013-01-30,18,0,0,0,99,0,60
2013-01-31,13,0,0,0,99,0,47
2013-02-01,6,0,0,0,52,57,47
2013-02-02,48,0,0,0,0,20,3
2013-02-03,54,0,0,0,0,211,0
2013-02-04,12,0,0,0,99,0,68
2013-02-05,20,0,0,0,87,0,47
2013-02-06,17,0,0,0,99,0,64
2013-02-07,16,0,0,0,82,0,52
2013-02-08,5,0,0,0,0,36,21
2013-02-09,40,0,0,0,0,0,0
2013-02-10,54,0,1,0,0,0,0
2013-02-11,10,0,0,0,79,0,55
2013-02-12,11,0,1,0,76,0,47
2013-02-13,10,5,0,0,50,0,132
2013-02-14,8,0,0,0,165,0,155
2013-02-15,2,0,0,0,70,12,60
2013-02-16,53,0,0,0,0,0,0
2013-02-17,37,0,0,0,0,0,0
2013-02-18,23,7,0,0,25,0,148
2013-02-19,20,0,0,0,140,0,141
2013-02-20,28,29,0,0,60,0,69
2013-02-21,8,0,0,0,59,0,36
2013-02-22,6,0,0,0,130,54,70
2013-02-23,31,0,0,0,0,24,0
2013-02-24,54,0,0,0,0,0,0
2013-02-25,13,0,0,0,0,0,0
2013-02-26,11,0,0,0,105,0,62
2013-02-27,4,0,0,0,0,0,14
2013-02-28,19,0,0,0,130,0,130
2013-03-01,4,0,0,0,0,67,0
2013-03-02,59,0,1,0,0,21,0
2013-03-03,78,0,0,0,0,0,0
2013-03-04,18,0,1,0,0,0,0
2013-03-05,9,0,0,0,57,0,64
2013-03-06,22,0,0,0,25,0,155
2013-03-07,34,7,0,0,0,0,0
2013-03-08,8,0,0,0,0,55,0
2013-03-09,65,0,0,0,0,16,0
2013-03-10,71,0,0,0,0,8,0
2013-03-11,75,0,0,0,0,0,0
2013-03-12,105,0,0,0,0,0,0
2013-03-13,80,0,0,0,0,0,0
2013-03-14,97,0,0,0,0,0,62
2013-03-15,5,0,0,0,0,142,0
2013-03-16,97,0,0,0,0,0,0
2013-03-17,89,0,0,0,0,0,0
2013-03-18,35,0,0,0,0,0,24
2013-03-19,34,0,1,0,0,0,0
2013-03-20,41,0,0,0,50,0,126
2013-03-21,48,0,0,0,0,0,0
2013-03-22,2,0,0,0,0,44,0
2013-03-23,50,0,0,0,0,0,0
2013-03-24,51,0,0,0,0,11,0
2013-03-25,21,0,0,0,0,0,14
2013-03-26,49,3,0,0,0,0,0
2013-03-27,25,13,0,0,0,0,19
2013-03-28,29,1,0,0,0,0,0
2013-03-29,5,16,0,0,0,83,20
2013-03-30,40,0,0,0,0,46,0
2013-03-31,0,0,0,0,0,0,0
2013-04-01,43,0,1,0,0,0,23
2013-04-02,46,0,2,0,0,0,0
2013-04-03,32,0,0,0,0,0,0
2013-04-04,24,0,0,0,0,0,0
2013-04-05,7,0,0,0,0,62,0
2013-04-06,92,0,0,0,0,36,0
2013-04-07,78,0,0,0,0,0,0
2013-04-08,37,9,0,0,0,0,21
2013-04-09,24,0,0,0,0,0,0
2013-04-10,41,14,0,0,0,0,23
2013-04-11,27,0,0,0,0,0,38
2013-04-12,8,0,0,0,0,110,0
2013-04-13,90,0,0,0,0,15,0
2013-04-14,86,0,0,0,0,23,0
2013-04-15,38,0,0,0,20,0,142
2013-04-16,34,0,0,0,0,0,0
2013-04-17,26,0,0,0,0,0,0
2013-04-18,17,0,0,0,0,0,0
2013-04-19,8,0,0,0,0,80,0
2013-04-20,57,0,0,0,0,16,0
2013-04-21,100,0,0,0,0,0,0
2013-04-22,45,0,0,0,0,0,0
2013-04-23,7,0,0,0,0,0,0
2013-04-24,35,0,0,0,0,0,23
2013-04-25,19,0,0,0,0,0,0
2013-04-26,7,0,0,0,0,0,0
2013-04-27,99,0,1053,0,0,22,0
2013-04-28,135,0,42,0,0,20,0
2013-04-29,48,6,43,0,0,0,23
2013-04-30,43,0,15,0,0,0,0
2013-05-01,54,0,8,0,0,0,0
2013-05-02,35,0,14,0,0,0,0
2013-05-03,4,0,8,0,0,136,0
2013-05-04,106,0,9,0,0,0,0
2013-05-05,101,0,4,0,0,43,0
2013-05-06,20,0,21,0,0,0,0
2013-05-07,33,0,18,0,0,0,0
2013-05-08,9,4,16,0,0,0,0
2013-05-09,33,0,10,0,0,0,0
2013-05-10,3,0,13,0,0,119,0
2013-05-11,69,0,31,0,0,0,0
2013-05-12,102,0,3,0,0,0,0
2013-05-13,44,0,15,0,0,0,0
2013-05-14,20,9,8,0,102,0,80
2013-05-15,48,0,16,0,0,0,0
2013-05-16,53,0,8,0,0,0,0
2013-05-17,3,0,11,0,0,133,0
2013-05-18,82,0,19,0,0,18,0
2013-05-19,115,0,8,0,0,9,0
2013-05-20,46,0,11,0,1406,30,0
2013-05-21,43,0,10,0,76,0,0
2013-05-22,68,0,44,0,0,0,0
2013-05-23,130,3,25,0,0,0,0
2013-05-24,8,0,26,0,0,199,0
2013-05-25,878,0,129,0,0,34,0
2013-05-26,358,0,18,40,0,0,0
2013-05-27,931,0,15,0,0,0,24
2013-05-28,830,0,83,4,0,0,0
2013-05-29,776,0,36,77,0,0,0
2013-05-30,840,48,45,74,0,0,0
2013-05-31,918,0,32,148,0,180,10
2013-06-01,1019,0,26,105,0,0,0
2013-06-02,342,0,6,3,0,451,0
2013-06-03,775,268,36,165,1,0,58
2013-06-04,974,121,26,149,0,0,55
2013-06-05,856,200,22,159,0,0,0
2013-06-06,955,210,41,207,0,0,0
2013-06-07,988,140,16,181,0,164,0
2013-06-08,1224,19,5,137,0,0,0
2013-06-09,632,10,3,30,0,865,0
2013-06-10,961,152,9,182,0,0,0
2013-06-11,1088,265,24,154,0,0,0
2013-06-12,866,285,26,280,0,0,0
2013-06-13,865,228,17,174,0,0,0
2013-06-14,792,113,22,193,0,103,740
2013-06-15,933,20,7,144,0,20,0
2013-06-16,414,10,13,2,0,467,0
2013-06-17,818,562,14,159,0,0,14
2013-06-18,712,191,14,203,0,0,953
2013-06-19,797,211,16,186,0,0,78
2013-06-20,917,261,12,175,0,0,10
2013-06-21,890,155,12,158,0,185,15
2013-06-22,1027,0,9,141,0,28,0
2013-06-23,472,1,7,1,0,513,0
2013-06-24,697,217,22,121,0,0,16
2013-06-25,632,206,14,179,0,0,14
2013-06-26,602,312,10,142,0,0,0
2013-06-27,834,300,16,221,1,0,156
2013-06-28,766,163,21,118,0,185,8
2013-06-29,763,40,3,110,0,0,0
2013-06-30,510,22,1,10,0,512,0
2013-07-01,563,241,6,59,0,0,360
2013-07-02,629,146,1,98,0,166,361
2013-07-03,547,230,4,146,0,0,9
2013-07-04,602,0,6,50,0,0,0
2013-07-05,608,12,8,92,0,90,25
2013-07-06,579,11,6,59,0,15,0
2013-07-07,483,22,5,23,0,530,0
2013-07-08,562,242,14,94,0,0,10
2013-07-09,623,178,6,126,0,0,11
2013-07-10,787,221,1,146,0,0,0
2013-07-11,490,243,5,126,0,0,13
2013-07-12,537,171,4,151,0,133,12
2013-07-13,810,0,1,93,0,0,551
2013-07-14,505,50,1,3,0,600,0
2013-07-15,134,140,9,29,0,0,0
2013-07-16,275,116,6,50,0,0,11
2013-07-17,474,212,6,130,0,0,0
2013-07-18,528,195,9,107,0,0,823
2013-07-19,473,136,5,120,0,91,0
2013-07-20,461,14,0,70,0,6,0
2013-07-21,372,15,1,12,0,385,0
2013-07-22,454,185,10,81,0,0,8
2013-07-23,584,107,2,102,0,0,379
2013-07-24,301,138,0,71,0,0,12
2013-07-25,434,108,1,158,0,0,0
2013-07-26,411,64,0,121,0,42,0
2013-07-27,362,0,0,62,0,48,0
2013-07-28,236,0,0,1,0,260,0
2013-07-29,398,102,0,75,0,0,8
2013-07-30,620,80,0,161,0,0,8
2013-07-31,611,81,3,207,0,0,713
2013-08-01,338,68,64,79,0,0,0
2013-08-02,415,144,1,106,0,119,12
2013-08-03,515,0,0,63,0,5,0
2013-08-04,358,0,0,29,0,369,0
2013-08-05,583,35,1,111,0,0,0
2013-08-06,591,28,0,116,0,0,0
2013-08-07,405,0,0,127,0,0,0
2013-08-08,466,13,0,176,0,0,0
2013-08-09,333,67,0,121,0,61,0
2013-08-10,399,0,0,84,0,50,0
2013-08-11,230,0,0,76,0,220,0
2013-08-12,42,0,0,2,0,0,0
2013-08-13,30,2,0,5,0,0,0
2013-08-14,30,0,0,2,0,0,0
2013-08-15,28,0,0,1,0,0,0
2013-08-16,9,0,0,0,0,62,0
2013-08-17,106,0,0,26,0,18,0
2013-08-18,111,0,0,15,0,0,0
2013-08-19,26,12,1,0,0,0,0
2013-08-20,5,0,0,0,0,0,0
2013-08-21,37,0,1,0,0,0,0
2013-08-22,47,4,0,0,0,0,0
2013-08-23,5,0,0,0,0,84,0
2013-08-24,67,0,0,14,0,54,0
2013-08-25,95,0,0,15,0,0,0
2013-08-26,30,0,0,0,969,0,0
2013-08-27,28,0,0,0,0,0,0
2013-08-28,45,0,0,10,0,0,0
2013-08-29,13,0,0,0,0,0,0
2013-08-30,10,0,0,3,0,124,0
2013-08-31,87,0,0,18,0,41,0
2013-09-01,126,0,0,0,0,0,0
2013-09-02,31,0,0,0,0,0,0
2013-09-03,21,0,1,0,0,0,0
2013-09-04,12,0,0,0,0,0,0
2013-09-05,22,0,0,0,0,0,0
2013-09-06,3,0,0,0,0,70,0
2013-09-07,75,0,0,0,0,0,0
2013-09-08,80,0,0,0,0,25,0
2013-09-09,19,0,0,0,0,0,0
2013-09-10,8,0,0,0,0,0,0
2013-09-11,23,0,0,0,0,0,0
2013-09-12,18,0,0,0,0,0,440
2013-09-13,4,0,0,0,0,52,0
2013-09-14,28,0,0,0,0,32,0
2013-09-15,56,0,0,0,0,0,0
2013-09-16,35,0,0,0,0,0,0
2013-09-17,25,0,0,0,0,0,0
2013-09-18,18,0,0,0,0,0,0
2013-09-19,11,0,0,0,0,0,0
2013-09-20,3,0,0,0,0,68,0
2013-09-21,36,0,0,0,0,48,0
2013-09-22,48,0,0,0,0,15,0
2013-09-23,17,0,0,0,0,0,0
2013-09-24,18,0,0,0,0,0,0
2013-09-25,28,0,0,0,0,0,0
2013-09-26,17,0,0,0,0,0,0
2013-09-27,9,0,0,0,0,75,0
2013-09-28,28,0,0,0,0,32,0
2013-09-29,32,0,0,0,0,14,0
2013-09-30,24,0,0,0,0,0,0
2013-10-01,19,0,0,0,0,0,0
2013-10-02,22,0,0,0,0,0,0
2013-10-03,18,0,0,0,0,0,0
2013-10-04,5,0,0,0,0,66,0
2013-10-05,17,0,0,0,0,20,0
2013-10-06,21,0,0,0,0,0,0
2013-10-07,23,0,0,0,0,0,0
2013-10-08,12,0,0,0,0,0,0
2013-10-09,28,0,0,0,0,0,0
2013-10-10,25,0,0,0,0,0,0
2013-10-11,4,0,0,0,0,42,0
2013-10-12,51,0,0,0,0,0,0
2013-10-13,19,1,0,0,0,0,0
2013-10-14,21,0,0,0,0,0,0
2013-10-15,15,0,0,0,0,0,0
2013-10-16,42,0,0,0,0,0,0
2013-10-17,20,0,0,0,0,0,58
2013-10-18,14,0,0,0,0,31,0
2013-10-19,28,0,0,0,0,0,15
2013-10-20,49,0,0,0,0,0,60
2013-10-21,19,0,0,0,0,0,0
2013-10-22,22,0,0,0,0,0,0
2013-10-23,20,0,0,0,0,0,0
2013-10-24,25,0,0,0,0,0,0
2013-10-25,6,0,0,0,59,10,80
2013-10-26,27,0,0,0,0,30,0
2013-10-27,26,0,0,0,0,0,0
2013-10-28,21,2,0,0,0,0,89
2013-10-29,24,0,0,0,0,0,0
2013-10-30,15,0,0,0,0,0,0
2013-10-31,16,0,0,0,0,0,0
2013-11-01,7,0,0,0,0,38,0
2013-11-02,42,12,0,0,0,0,0
2013-11-03,26,0,0,0,0,0,0
2013-11-04,14,0,0,0,0,0,0
2013-11-05,18,0,0,0,63,0,36
2013-11-06,16,0,0,0,0,0,0
2013-11-07,19,0,0,0,0,0,215
2013-11-08,6,0,0,0,134,22,146
2013-11-09,23,0,0,0,0,24,0
2013-11-10,37,0,0,0,0,24,0
2013-11-11,15,15,0,0,16,0,88
2013-11-12,20,0,0,0,80,0,49
2013-11-13,19,12,0,0,0,0,122
2013-11-14,19,0,0,0,68,0,69
2013-11-15,5,0,0,0,63,43,100
2013-11-16,33,0,0,0,0,0,0
2013-11-17,35,0,0,0,0,16,0
2013-11-18,10,0,0,0,0,0,0
2013-11-19,25,0,0,0,161,0,45
2013-11-20,6,0,0,0,0,0,0
2013-11-21,14,0,0,0,0,0,0
2013-11-22,4,0,0,0,47,11,108
2013-11-23,39,0,0,0,0,11,0
2013-11-24,15,0,0,0,0,8,0
2013-11-25,11,0,0,0,57,0,85
2013-11-26,14,0,0,0,0,0,0
2013-11-27,15,0,0,0,0,0,0
2013-11-28,0,0,0,0,0,0,0
2013-11-29,13,0,0,0,0,11,0
2013-11-30,22,0,0,0,0,0,0
2013-12-01,22,0,46,0,0,13,0
2013-12-02,15,0,5,0,0,0,0
2013-12-03,24,110,2,0,80,0,63
2013-12-04,13,0,1,0,80,0,35
2013-12-05,0,0,0,0,0,0,0
2013-12-06,6,0,0,0,0,34,0
2013-12-07,37,0,0,0,0,0,0
2013-12-08,26,0,0,0,0,13,0
2013-12-09,4,0,2,0,0,0,0
2013-12-10,16,0,3,0,0,0,0
2013-12-11,18,0,3,0,83,0,53
2013-12-12,11,0,0,0,40,0,60
2013-12-13,10,0,0,0,0,13,0
2013-12-14,33,0,1,0,0,4,0
2013-12-15,26,0,0,0,0,0,0
2013-12-16,18,0,0,0,34,0,50
2013-12-17,20,4,0,0,0,0,0
2013-12-18,12,9,0,0,0,0,0
2013-12-19,17,0,0,0,0,0,0
2013-12-20,7,0,0,0,80,13,150
2013-12-21,21,0,0,0,0,0,0
2013-12-22,28,0,0,0,0,0,0
2013-12-23,25,0,0,0,0,0,0
2013-12-24,10,0,0,0,0,0,31
2013-12-25,0,0,0,0,0,0,0
2013-12-26,25,0,0,0,0,0,90
2013-12-27,10,0,0,0,0,16,0
2013-12-28,39,0,0,0,0,0,0
2013-12-29,61,0,0,0,0,0,0
2013-12-30,27,0,0,0,0,0,80
2013-12-31,11,0,0,0,0,0,58
2014-01-01,0,0,0,0,0,0,0
2014-01-02,43,0,0,0,40,0,90
2014-01-03,6,0,0,0,0,35,0
2014-01-04,34,0,1,0,0,0,0
2014-01-05,50,0,0,0,0,13,0
2014-01-06,27,0,0,0,52,0,80
2014-01-07,17,0,0,0,0,0,0
2014-01-08,43,0,0,0,117,0,97
2014-01-09,11,3,0,0,71,0,46
2014-01-10,8,0,2,0,0,32,0
2014-01-11,36,0,0,0,0,0,0
2014-01-12,50,0,0,0,0,0,0
2014-01-13,11,0,0,0,0,0,0
2014-01-14,24,0,0,0,42,0,80
2014-01-15,19,0,0,0,0,0,16
2014-01-16,16,0,0,0,105,0,90
2014-01-17,6,0,0,0,0,21,9
2014-01-18,64,0,0,0,0,0,0
2014-01-19,51,0,0,0,0,0,0
2014-01-20,14,0,0,0,0,0,35
2014-01-21,28,0,0,0,0,0,0
2014-01-22,24,31,0,0,76,0,72
2014-01-23,20,2,0,0,0,0,0
2014-01-24,8,0,0,0,25,44,6
2014-01-25,75,0,0,0,0,25,0
2014-01-26,51,0,0,0,0,29,0
2014-01-27,13,0,0,0,116,0,8
2014-01-28,27,3,0,0,0,0,0
2014-01-29,14,0,1,0,0,0,10
2014-01-30,27,3,0,0,70,0,63
2014-01-31,9,0,0,0,72,24,87
2014-02-01,46,0,0,0,0,0,0
2014-02-02,41,0,0,0,0,0,0
2014-02-03,17,0,1,0,0,0,0
2014-02-04,25,0,0,0,0,0,0
2014-02-05,11,0,0,0,0,0,12
2014-02-06,13,5,0,0,0,0,0
2014-02-07,7,0,0,0,49,50,91
2014-02-08,53,0,0,0,0,0,0
2014-02-09,53,0,0,0,0,16,0
2014-02-10,22,0,0,0,0,0,0
2014-02-11,21,6,0,0,0,0,0
2014-02-12,15,0,0,0,30,0,9
2014-02-13,13,3,0,0,49,0,60
2014-02-14,3,0,0,0,0,41,13
2014-02-15,70,0,0,0,0,0,0
2014-02-16,93,0,0,0,0,0,0
2014-02-17,34,0,0,0,0,0,0
2014-02-18,38,0,0,0,36,0,45
2014-02-19,23,0,0,0,0,0,82
2014-02-20,22,3,0,0,0,0,0
2014-02-21,4,0,0,0,0,91,0
2014-02-22,64,36,0,0,0,0,0
2014-02-23,69,0,0,0,0,0,0
2014-02-24,17,0,0,0,35,0,90
2014-02-25,30,0,0,0,0,0,0
2014-02-26,14,0,0,0,56,0,9
2014-02-27,34,2,0,0,1300,0,1020
2014-02-28,2,0,0,0,0,70,36
2014-03-01,44,0,0,0,0,0,0
2014-03-02,63,0,0,0,0,0,0
2014-03-03,29,0,1,0,0,0,56
2014-03-04,30,0,0,0,0,0,0
2014-03-05,21,0,0,0,88,0,9
2014-03-06,26,4,0,0,0,0,0
2014-03-07,92,0,0,0,0,0,41
2014-03-08,44,0,0,0,0,0,0
2014-03-09,92,0,0,0,0,0,0
2014-03-10,28,0,0,0,30,0,183
2014-03-11,46,20,0,0,0,0,0
2014-03-12,23,0,0,0,32,0,70
2014-03-13,30,4,0,0,0,0,48
2014-03-14,97,0,0,0,0,0,32
2014-03-15,40,0,0,0,0,25,0
2014-03-16,78,0,0,0,0,35,0
2014-03-17,31,0,0,0,69,0,68
2014-03-18,26,0,0,0,0,0,0
2014-03-19,15,0,0,0,0,0,0
2014-03-20,37,0,0,0,0,0,25
2014-03-21,3,0,0,0,0,116,29
2014-03-22,36,0,0,0,0,0,0
2014-03-23,107,0,0,0,0,0,0
2014-03-24,37,0,0,0,0,0,0
2014-03-25,32,0,0,0,0,0,0
2014-03-26,26,0,0,0,35,0,9
2014-03-27,29,3,0,0,0,0,0
2014-03-28,86,0,0,0,0,0,0
2014-03-29,83,0,0,0,0,0,31
2014-03-30,76,0,0,0,0,0,0
2014-03-31,25,0,0,0,0,0,0
2014-04-01,31,0,0,0,0,0,0
2014-04-02,25,11,0,0,30,0,8
2014-04-03,28,4,0,0,0,0,0
2014-04-04,6,0,0,0,0,100,0
2014-04-05,56,0,0,0,0,7,0
2014-04-06,95,0,0,0,0,0,0
2014-04-07,43,0,0,0,35,0,9
2014-04-08,52,0,0,0,0,0,0
2014-04-09,60,23,0,0,35,0,13
2014-04-10,34,5,0,0,0,0,0
2014-04-11,101,0,0,0,0,0,10
2014-04-12,70,0,0,0,0,23,0
2014-04-13,86,0,0,0,0,31,0
2014-04-14,44,0,0,0,0,0,9
2014-04-15,97,12,0,0,0,0,0
2014-04-16,81,0,0,0,0,0,54
2014-04-17,55,4,0,0,0,0,49
2014-04-18,8,0,0,0,0,147,8
2014-04-19,61,0,0,0,0,21,0
2014-04-20,0,0,0,0,0,0,0
2014-04-21,47,0,0,0,35,0,0
2014-04-22,43,2,0,0,0,0,0
2014-04-23,56,11,0,0,35,0,0
2014-04-24,41,19,0,0,0,0,67
2014-04-25,135,0,0,0,0,0,9
2014-04-26,85,0,1041,0,0,0,0
2014-04-27,72,0,16,0,0,0,0
2014-04-28,44,0,15,0,35,0,0
2014-04-29,35,6,22,0,0,0,0
2014-04-30,25,9,22,0,0,0,0
2014-05-01,25,4,7,0,0,0,0
2014-05-02,73,0,10,0,0,42,12
2014-05-03,94,0,13,0,0,17,0
2014-05-04,120,0,6,0,0,0,0
2014-05-05,53,0,8,0,33,0,0
2014-05-06,53,18,22,0,0,0,0
2014-05-07,26,0,12,0,35,0,9
2014-05-08,19,5,12,0,0,0,60
2014-05-09,8,0,13,0,0,107,0
2014-05-10,82,0,15,0,0,0,0
2014-05-11,32,0,1,0,0,0,0
2014-05-12,22,0,7,0,35,0,130
2014-05-13,27,0,13,0,0,0,0
2014-05-14,22,0,21,0,0,0,9
2014-05-15,26,4,25,0,0,0,0
2014-05-16,4,0,15,0,0,133,0
2014-05-17,147,0,14,0,0,20,0
2014-05-18,147,9,5,0,0,32,0
2014-05-19,86,2,21,0,0,0,9
2014-05-20,52,0,12,0,0,0,70
2014-05-21,44,0,9,0,0,0,11
2014-05-22,74,0,12,0,45,0,100
2014-05-23,4,0,15,0,0,124,20
2014-05-24,85,0,109,0,0,0,0
2014-05-25,125,0,15,0,0,3,0
2014-05-26,358,0,18,4,0,0,3
2014-05-27,748,0,129,16,0,0,0
2014-05-28,1019,0,75,75,0,0,44
2014-05-29,737,11,42,145,0,0,1
2014-05-30,659,0,55,155,400,232,565
2014-05-31,1046,0,20,124,0,24,0
2014-06-01,554,25,4,9,0,0,0
2014-06-02,1053,316,64,222,1700,0,64
2014-06-03,1068,161,32,197,0,0,0
2014-06-04,1150,168,22,194,0,0,74
2014-06-05,1089,197,40,224,0,0,0
2014-06-06,981,240,19,96,0,178,71
2014-06-07,919,0,2,102,0,46,0
2014-06-08,531,38,0,2,0,455,0
2014-06-09,951,202,23,164,0,0,0
2014-06-10,764,255,17,147,0,0,50
2014-06-11,569,241,16,68,0,6,0
2014-06-12,767,263,20,113,0,0,0
2014-06-13,513,229,15,84,0,135,0
2014-06-14,669,40,5,47,0,132,0
2014-06-15,387,0,8,10,0,512,0
2014-06-16,735,373,15,86,0,0,0
2014-06-17,505,311,12,71,0,0,0
2014-06-18,525,255,9,100,0,0,13
2014-06-19,878,331,12,93,0,0,0
2014-06-20,972,209,11,130,0,144,0
2014-06-21,1021,45,0,55,0,0,0
2014-06-22,566,50,0,1,0,428,0
2014-06-23,861,513,13,66,0,50,480
2014-06-24,688,234,7,121,0,0,0
2014-06-25,909,157,10,86,0,0,0
2014-06-26,846,330,16,73,0,0,0
2014-06-27,781,285,17,82,0,134,56
2014-06-28,1101,33,5,56,0,33,0
2014-06-29,493,23,4,1,0,716,0
2014-06-30,792,362,3,97,0,487,420
2014-07-01,555,252,6,25,0,0,49
2014-07-02,569,253,6,68,0,0,0
2014-07-03,771,154,7,69,0,0,0
2014-07-04,478,0,0,26,0,0,58
2014-07-05,818,0,3,53,0,0,0
2014-07-06,539,0,4,3,0,360,0
2014-07-07,710,316,12,49,0,0,0
2014-07-08,551,428,6,41,0,0,117
2014-07-09,537,250,3,44,0,0,66
2014-07-10,795,320,1,58,0,0,54
2014-07-11,648,185,3,64,0,0,46
2014-07-12,798,32,2,63,0,97,0
2014-07-13,236,23,0,2,0,319,0
2014-07-14,629,265,4,50,0,0,131
2014-07-15,204,107,6,20,0,0,56
2014-07-16,587,198,6,58,0,0,66
2014-07-17,491,273,16,70,0,0,0
2014-07-18,707,179,5,69,0,97,0
2014-07-19,789,0,4,25,0,125,0
2014-07-20,528,0,1,0,0,855,1299
2014-07-21,620,168,3,89,0,0,0
2014-07-22,705,152,1,46,0,0,116
2014-07-23,490,162,0,62,0,0,65
2014-07-24,683,254,1,106,0,0,0
2014-07-25,709,155,0,54,0,125,12
2014-07-26,842,21,0,45,0,0,0
2014-07-27,241,20,0,2,0,327,0
2014-07-28,376,201,0,36,0,0,0
2014-07-29,334,200,0,34,0,0,0
2014-07-30,599,67,0,83,0,0,12
2014-07-31,443,217,0,29,0,0,0
2014-08-01,336,96,32,34,0,81,0
2014-08-02,202,0,0,16,0,54,0
2014-08-03,222,0,0,0,0,258,0
2014-08-04,277,9,0,39,0,0,0
2014-08-05,538,22,0,69,0,0,50
2014-08-06,600,0,0,111,0,0,11
2014-08-07,203,16,0,19,0,0,7793
2014-08-08,531,0,0,67,0,58,10
2014-08-09,306,2,0,27,0,0,0
2014-08-10,411,0,0,1,0,990,0
2014-08-11,40,8,0,0,0,0,0
2014-08-12,46,7,0,0,0,0,0
2014-08-13,32,0,0,0,25,0,0
2014-08-14,30,4,0,1,0,0,0
2014-08-15,7,0,0,0,0,49,0
2014-08-16,69,0,0,2,0,0,0
2014-08-17,150,0,0,1,0,0,0
2014-08-18,41,0,0,0,237,0,0
2014-08-19,27,0,0,0,0,0,0
2014-08-20,38,0,0,0,414,0,11
2014-08-21,42,0,0,0,232,0,0
2014-08-22,12,0,0,0,83,52,12
2014-08-23,55,0,0,5,0,27,0
2014-08-24,111,0,0,4,0,45,0
2014-08-25,23,0,0,7,0,0,56
2014-08-26,73,12,0,4,0,0,0
2014-08-27,15,0,0,0,0,0,57
2014-08-28,23,0,0,0,0,0,0
2014-08-29,8,0,0,0,0,76,0
2014-08-30,54,37,0,8,0,33,0
2014-08-31,89,0,0,1,0,0,0
2014-09-01,57,0,0,0,0,0,0
2014-09-02,23,0,0,0,0,0,0
2014-09-03,0,0,0,0,0,0,0
2014-09-04,0,0,0,0,0,0,0
2014-09-05,0,0,0,0,0,0,0
2014-09-06,0,0,0,0,0,0,0
2014-09-07,49,0,0,0,0,0,0
2014-09-08,26,0,0,0,0,0,12
2014-09-09,22,4,0,0,0,0,0
2014-09-10,18,15,0,0,0,0,0
2014-09-11,23,0,0,0,41,0,0
2014-09-12,12,0,0,0,0,61,11
2014-09-13,26,0,0,0,0,0,0
2014-09-14,43,0,0,0,0,0,0
2014-09-15,10,0,0,0,0,0,0
2014-09-16,9,12,0,0,0,0,0
2014-09-17,22,0,0,0,83,0,60
2014-09-18,21,0,0,0,120,0,0
2014-09-19,13,0,0,0,0,26,11
2014-09-20,75,0,0,0,0,0,15
2014-09-21,35,0,0,0,0,0,0
2014-09-22,7,0,0,0,65,0,0
2014-09-23,20,4,0,0,25,0,80
2014-09-24,17,9,0,0,109,0,59
2014-09-25,30,0,0,0,42,0,0
2014-09-26,12,0,0,0,35,42,94
2014-09-27,58,0,0,0,0,49,26
2014-09-28,55,0,0,0,0,24,0
2014-09-29,21,0,0,0,60,0,98
2014-09-30,21,0,0,0,0,0,0
2014-10-01,8,0,0,0,120,0,40
2014-10-02,11,4,0,0,20,0,60
2014-10-03,5,0,0,0,0,76,60
2014-10-04,30,0,0,0,0,9,0
2014-10-05,54,0,0,0,0,0,0
2014-10-06,18,0,0,0,65,0,91
2014-10-07,16,0,0,0,0,0,60
2014-10-08,17,0,0,0,0,0,8
2014-10-09,29,0,0,0,0,0,0
2014-10-10,4,0,0,0,0,45,11
2014-10-11,25,1,0,0,0,0,21
2014-10-12,43,0,0,0,0,33,0
2014-10-13,42,0,0,0,65,0,76
2014-10-14,16,0,0,0,0,0,70
2014-10-15,29,0,0,0,95,0,70
2014-10-16,44,0,0,0,377,0,0
2014-10-17,4,0,0,0,50,58,82
2014-10-18,41,12,0,0,1,24,0
2014-10-19,44,0,0,0,0,17,0
2014-10-20,12,0,0,0,90,0,44
2014-10-21,38,0,0,0,0,0,65
2014-10-22,30,0,0,0,0,0,61
2014-10-23,25,0,0,0,131,0,40
2014-10-24,3,0,0,0,30,31,61
2014-10-25,45,2,0,0,0,7,0
2014-10-26,32,0,0,0,0,0,0
2014-10-27,15,0,0,0,60,0,72
2014-10-28,9,0,0,0,60,0,60
2014-10-29,19,0,0,0,75,0,50
2014-10-30,18,0,0,0,224,0,42
2014-10-31,7,0,0,0,0,9,12
2014-11-01,46,2,0,0,0,0,15
2014-11-02,32,0,0,0,0,0,0
2014-11-03,13,0,0,0,105,0,73
2014-11-04,15,0,0,0,60,0,60
2014-11-05,8,0,0,0,167,0,70
2014-11-06,17,0,0,0,72,0,60
2014-11-07,6,0,0,0,80,37,78
2014-11-08,37,2,0,0,0,0,0
2014-11-09,44,0,0,0,0,0,0
2014-11-10,23,0,0,0,200,0,70
2014-11-11,23,12,0,0,102,0,60
2014-11-12,21,0,0,0,40,0,79
2014-11-13,19,0,0,0,0,0,0
2014-11-14,7,0,0,0,140,56,84
2014-11-15,23,0,0,0,0,0,0
2014-11-16,62,0,0,0,0,0,0
2014-11-17,16,0,0,0,215,0,50
2014-11-18,14,0,0,0,126,0,70
2014-11-19,24,0,0,0,117,0,85
2014-11-20,17,0,0,0,50,0,0
2014-11-21,9,0,0,0,0,43,20
2014-11-22,20,22,0,0,0,7,10
2014-11-23,42,0,0,0,0,15,0
2014-11-24,18,0,0,0,145,0,73
2014-11-25,14,0,0,0,210,0,60
2014-11-26,9,0,0,0,40,0,72
2014-11-27,0,0,0,0,0,0,0
2014-11-28,8,0,0,0,20,25,30
2014-11-29,37,0,0,0,0,0,0
2014-11-30,27,0,0,0,0,0,0
2014-12-01,15,0,38,0,247,0,77
2014-12-02,10,0,4,0,95,0,60
2014-12-03,11,0,4,0,50,0,77
2014-12-04,17,0,2,0,72,0,0
2014-12-05,8,0,0,0,120,53,71
2014-12-06,29,0,0,0,0,0,11
2014-12-07,61,0,0,0,0,13,0
2014-12-08,13,0,0,0,25,0,15
2014-12-09,13,0,4,0,167,0,0
2014-12-10,10,0,0,0,86,0,15
2014-12-11,18,0,0,0,90,0,60
2014-12-12,7,0,1,0,50,24,70
2014-12-13,31,0,0,0,0,14,17
2014-12-14,26,0,4,0,0,0,0
2014-12-15,14,0,0,0,60,0,51
2014-12-16,17,0,0,0,75,0,60
2014-12-17,6,0,0,0,0,0,0
2014-12-18,26,0,0,0,58,0,58
2014-12-19,10,0,0,0,120,32,50
2014-12-20,40,0,0,0,0,0,0
2014-12-21,46,0,0,0,0,0,0
2014-12-22,56,0,0,0,0,0,0
2014-12-23,19,0,0,0,0,0,55
2014-12-24,17,0,1,0,50,0,69
2014-12-25,0,0,0,0,0,0,0
2014-12-26,5,0,0,0,0,50,0
2014-12-27,30,0,0,0,0,0,0
2014-12-28,31,0,0,0,0,0,0
2014-12-29,9,0,0,0,0,0,0
2014-12-30,0,0,0,0,0,0,0
2014-12-31,0,0,0,0,0,0,0
2015-01-01,0,0,0,0,0,0,0
2015-01-02,6,0,0,0,0,19,0
2015-01-03,36,0,0,0,0,0,5
2015-01-04,37,0,3,0,0,0,0
2015-01-05,17,0,5,0,60,0,60
2015-01-06,11,0,0,0,105,0,60
2015-01-07,11,0,0,0,65,0,62
2015-01-08,16,0,0,0,60,0,60
2015-01-09,6,0,0,0,0,55,0
2015-01-10,39,0,0,0,0,11,0
2015-01-11,43,0,0,0,0,0,0
2015-01-12,17,0,0,0,3,0,14
2015-01-13,19,0,0,0,31,0,0
2015-01-14,12,0,0,0,0,0,0
2015-01-15,15,0,0,0,0,0,0
2015-01-16,20,0,0,0,210,40,300
2015-01-17,33,0,0,0,0,23,9
2015-01-18,38,0,0,0,0,0,0
2015-01-19,9,0,0,0,0,0,0
2015-01-20,12,0,0,0,0,0,0
2015-01-21,5,0,0,0,0,0,65
2015-01-22,6,0,0,0,0,0,0
2015-01-23,0,0,0,0,60,48,70
2015-01-24,42,0,0,0,0,17,0
2015-01-25,46,0,0,0,0,15,0
2015-01-26,13,0,0,0,0,0,0
2015-01-27,14,0,0,0,0,0,0
2015-01-28,26,0,0,0,460,0,580
2015-01-29,5,0,0,0,0,0,0
2015-01-30,0,0,0,0,50,35,100
2015-01-31,40,0,0,0,0,0,0
2015-02-01,45,0,0,0,0,0,0
2015-02-02,8,0,0,0,40,0,38
2015-02-03,21,0,0,0,0,0,0
2015-02-04,12,0,0,0,0,0,51
2015-02-05,11,0,0,0,141,0,0
2015-02-06,4,0,0,0,140,85,99
2015-02-07,67,0,0,0,0,0,0
2015-02-08,84,0,0,0,0,0,0
2015-02-09,17,0,0,0,0,0,68
2015-02-10,24,11,0,0,125,0,34
2015-02-11,40,0,0,0,0,0,0
2015-02-12,22,0,0,0,0,0,0
2015-02-13,1,0,0,0,120,29,93
2015-02-14,18,0,0,0,0,0,5
2015-02-15,65,0,0,0,0,0,0
2015-02-16,23,0,0,0,20,0,22
2015-02-17,32,0,0,0,0,0,0
2015-02-18,12,0,0,0,0,0,0
2015-02-19,14,0,0,0,0,0,0
2015-02-20,6,0,0,0,0,49,14
2015-02-21,51,0,0,0,176,0,101
2015-02-22,35,0,0,0,0,0,0
2015-02-23,13,0,0,0,97,0,138
2015-02-24,19,0,0,0,0,0,0
2015-02-25,15,0,0,0,0,0,35
2015-02-26,28,0,0,0,0,0,0
2015-02-27,0,0,0,0,0,0,0
2015-02-28,0,0,0,0,0,0,0
2015-03-01,37,0,0,0,0,0,0
2015-03-02,26,0,0,0,0,0,43
2015-03-03,28,0,0,0,0,0,0
2015-03-04,17,0,0,0,0,0,29
2015-03-05,24,0,0,0,0,0,0
2015-03-06,10,0,0,0,26,55,74
2015-03-07,47,7,0,0,0,23,0
2015-03-08,83,0,0,0,0,0,0
2015-03-09,25,0,0,0,0,0,75
2015-03-10,27,0,0,0,0,0,0
2015-03-11,21,0,0,0,0,0,0
2015-03-12,27,0,0,0,42,0,45
2015-03-13,8,0,0,0,0,98,10
2015-03-14,54,0,0,0,0,23,0
2015-03-15,72,0,0,0,0,19,0
2015-03-16,36,5,0,0,0,0,47
2015-03-17,24,0,0,0,0,0,0
2015-03-18,28,1,0,0,0,0,0
2015-03-19,21,3,0,0,46,0,50
2015-03-20,11,0,0,0,0,63,12
2015-03-21,75,0,0,0,0,0,0
2015-03-22,61,0,0,0,0,0,0
2015-03-23,42,0,0,0,0,0,12
2015-03-24,29,9,0,0,0,0,0
2015-03-25,40,0,0,0,32,0,0
2015-03-26,30,0,0,0,42,0,55
2015-03-27,9,0,0,0,0,96,0
2015-03-28,65,6,0,0,0,0,0
2015-03-29,144,0,0,0,0,0,0
2015-03-30,84,0,0,0,0,0,53
2015-03-31,78,0,0,0,0,0,0
2015-04-01,119,10,0,0,0,0,0
2015-04-02,96,18,0,0,0,0,0
2015-04-03,15,0,0,0,0,136,6
2015-04-04,84,8,0,0,0,0,0
2015-04-05,0,0,0,0,0,0,0
2015-04-06,46,0,0,0,0,0,9
2015-04-07,21,0,0,0,0,0,0
2015-04-08,29,0,0,0,0,0,0
2015-04-09,44,3,0,0,0,0,0
2015-04-10,7,0,0,0,0,129,0
2015-04-11,121,0,0,0,0,0,0
2015-04-12,85,0,0,0,0,38,0
2015-04-13,28,0,0,0,0,0,13
2015-04-14,31,0,0,0,0,0,0
2015-04-15,5,0,0,0,0,0,0
2015-04-16,0,0,0,0,0,0,0
2015-04-17,0,0,0,0,0,50,0
2015-04-18,56,0,0,0,0,0,0
2015-04-19,86,0,0,0,0,14,0
2015-04-20,33,0,0,0,0,0,0
2015-04-21,33,6,0,0,0,0,0
2015-04-22,32,3,0,0,0,0,0
2015-04-23,0,0,0,0,0,0,0
2015-04-24,6,0,0,0,0,89,11
2015-04-25,45,6,0,0,0,0,0
2015-04-26,69,0,0,0,0,0,0
2015-04-27,32,0,0,0,0,0,0
2015-04-28,33,0,0,0,0,0,0
2015-04-29,56,7,0,0,18,0,12
2015-04-30,36,2,0,0,0,0,0
2015-05-01,9,0,0,0,0,114,0
2015-05-02,76,0,1028,0,0,0,0
2015-05-03,164,0,18,0,0,0,0
2015-05-04,16,0,28,0,0,0,0
2015-05-05,26,20,31,0,0,0,0
2015-05-06,25,102,33,0,0,0,0
2015-05-07,40,16,13,0,21,0,38
2015-05-08,8,0,22,0,0,168,9
2015-05-09,89,0,12,0,0,26,0
2015-05-10,24,5,0,0,0,0,0
2015-05-11,36,0,6,0,250,0,0
2015-05-12,33,0,23,0,0,0,0
2015-05-13,33,0,8,0,0,0,10
2015-05-14,29,0,6,0,433,0,0
2015-05-15,4,0,14,0,0,57,6
2015-05-16,84,34,21,0,0,6,0
2015-05-17,84,6,2,0,0,0,0
2015-05-18,15,0,9,0,400,0,10
2015-05-19,56,8,20,0,0,0,0
2015-05-20,67,5,11,0,0,0,0
2015-05-21,15,10,12,0,0,0,0
2015-05-22,9,0,18,0,1119,137,0
2015-05-23,205,0,135,9,0,7,0
2015-05-24,130,0,14,0,0,0,0
2015-05-25,248,0,12,4,0,0,0
2015-05-26,344,0,45,15,0,0,0
2015-05-27,457,0,17,8,0,0,0
2015-05-28,577,0,42,42,0,0,0
2015-05-29,692,14,23,66,0,78,9
2015-05-30,642,0,4,23,0,0,0
2015-05-31,589,0,9,3,0,0,0
2015-06-01,976,149,41,85,0,0,0
2015-06-02,1096,223,27,170,0,0,0
2015-06-03,961,247,17,160,0,124,0
2015-06-04,887,238,22,175,0,151,0
2015-06-05,639,239,7,93,0,370,64
2015-06-06,604,13,2,69,0,0,0
2015-06-07,476,56,1,7,0,157,0
2015-06-08,862,187,14,98,0,230,25
2015-06-09,744,150,9,135,0,189,0
2015-06-10,886,195,11,166,0,0,129
2015-06-11,944,353,22,154,0,187,0
2015-06-12,850,272,19,140,0,295,125
2015-06-13,449,0,5,36,0,13,0
2015-06-14,629,38,2,5,0,424,0
2015-06-15,681,156,20,128,0,139,0
2015-06-16,931,308,15,107,0,154,0
2015-06-17,905,235,8,147,0,127,100
2015-06-18,911,315,5,176,0,0,0
2015-06-19,746,184,11,100,0,307,61
2015-06-20,1068,12,2,79,0,28,0
2015-06-21,568,0,0,1,0,331,0
2015-06-22,861,187,18,131,0,152,0
2015-06-23,923,328,13,110,0,176,0
2015-06-24,916,246,8,92,0,0,0
2015-06-25,839,460,9,135,0,0,0
2015-06-26,681,274,24,59,0,128,55
2015-06-27,842,30,3,60,0,21,0
2015-06-28,601,25,0,3,0,585,0
2015-06-29,655,243,3,93,0,128,0
2015-06-30,775,282,0,107,0,4,619
2015-07-01,698,215,10,62,4,0,0
2015-07-02,623,316,-1,88,0,0,63
2015-07-03,654,21,5,47,0,231,74
2015-07-04,415,0,0,7,0,7,0
2015-07-05,404,25,4,0,0,294,0
2015-07-06,685,197,9,71,0,110,0
2015-07-07,351,228,4,48,0,0,0
2015-07-08,472,177,4,42,0,0,52
2015-07-09,210,243,5,31,0,141,0
2015-07-10,423,256,1,80,0,190,60
2015-07-11,479,0,0,16,0,0,0
2015-07-12,322,15,0,2,0,274,0
2015-07-13,499,247,3,108,0,138,0
2015-07-14,559,166,5,108,0,149,0
2015-07-15,521,276,0,47,0,136,0
2015-07-16,671,307,9,84,0,122,0
2015-07-17,311,140,3,16,0,163,62
2015-07-18,650,37,5,47,0,0,0
2015-07-19,472,19,5,0,0,349,0
2015-07-20,457,214,2,65,0,0,0
2015-07-21,562,200,1,109,0,0,0
2015-07-22,618,248,0,120,0,0,80
2015-07-23,570,213,0,58,0,138,0
2015-07-24,694,230,0,90,0,181,42
2015-07-25,633,28,0,44,0,12,0
2015-07-26,488,68,0,2,0,488,0
2015-07-27,506,179,0,88,0,0,0
2015-07-28,566,193,0,57,0,0,0
2015-07-29,189,177,-1,42,0,0,80
2015-07-30,201,141,0,41,0,0,0
2015-07-31,376,199,0,71,0,74,0
2015-08-01,514,34,67,53,0,12,0
2015-08-02,371,24,0,5,0,423,0
2015-08-03,446,22,3,46,0,0,0
2015-08-04,530,96,0,57,0,0,0
2015-08-05,539,67,0,113,0,0,0
2015-08-06,521,34,0,94,0,0,0
2015-08-07,416,42,0,93,0,113,15
2015-08-08,424,35,0,22,0,33,0
2015-08-09,397,0,0,0,0,444,0
2015-08-10,28,0,0,3,0,0,0
2015-08-11,49,0,0,3,0,0,0
2015-08-12,47,0,0,7,0,0,0
2015-08-13,31,0,0,9,0,0,0
2015-08-14,7,0,0,19,0,100,17
2015-08-15,126,0,0,11,0,0,0
2015-08-16,131,0,0,21,0,0,0
2015-08-17,31,0,0,0,65,0,0
2015-08-18,33,0,0,4,589,0,0
2015-08-19,35,0,0,3,0,0,24
2015-08-20,23,0,0,0,532,0,0
2015-08-21,8,0,0,2,228,108,0
2015-08-22,63,0,0,53,0,3,0
2015-08-23,94,0,0,2,0,10,0
2015-08-24,49,0,2,0,0,0,0
2015-08-25,19,0,0,2,400,0,0
2015-08-26,4,0,0,0,0,0,0
2015-08-27,41,3,0,2,409,0,0
2015-08-28,2,0,0,1,0,121,0
2015-08-29,107,0,0,7,285,14,0
2015-08-30,105,0,0,0,0,0,0
2015-08-31,6,0,0,0,0,0,0
2015-09-01,32,0,0,0,0,0,0
2015-09-02,22,7,0,0,0,1,0
2015-09-03,39,0,0,2,2128,0,0
2015-09-04,7,0,0,0,0,79,0
2015-09-05,46,0,0,0,0,0,0
2015-09-06,89,0,0,5,0,0,0
2015-09-07,15,0,0,0,0,0,0
2015-09-08,35,0,0,0,0,0,0
2015-09-09,20,2,0,0,0,0,0
2015-09-10,33,0,0,0,0,0,0
2015-09-11,1,0,0,0,0,65,0
2015-09-12,82,0,0,0,0,20,0
2015-09-13,58,0,0,0,0,0,0
2015-09-14,21,0,0,0,0,0,0
2015-09-15,31,0,0,0,0,0,0
2015-09-16,11,0,0,0,0,0,0
2015-09-17,32,0,0,0,0,0,0
2015-09-18,4,0,0,0,0,55,0
2015-09-19,35,0,0,0,0,0,0
2015-09-20,65,0,0,0,0,0,0
2015-09-21,21,0,0,0,0,0,0
2015-09-22,18,0,0,0,0,0,0
2015-09-23,21,0,0,0,0,0,0
2015-09-24,14,0,0,0,0,0,0
2015-09-25,7,0,0,0,0,87,0
2015-09-26,75,0,0,0,0,30,0
2015-09-27,45,0,0,0,0,0,0
2015-09-28,28,0,0,0,0,0,0
2015-09-29,22,10,0,0,0,0,0
2015-09-30,29,8,0,0,2,0,11
2015-10-01,22,0,0,0,0,0,0
2015-10-02,23,0,0,0,0,132,0
2015-10-03,48,0,0,0,0,7,0
2015-10-04,61,0,0,0,0,19,0
2015-10-05,26,0,0,0,0,0,0
2015-10-06,14,7,0,0,0,0,0
2015-10-07,37,0,0,0,0,0,13
2015-10-08,35,0,0,0,0,0,0
2015-10-09,5,0,0,0,0,69,0
2015-10-10,43,0,0,0,0,0,0
2015-10-11,47,0,0,0,0,0,0
2015-10-12,28,0,0,0,2,0,12
2015-10-13,23,0,0,0,0,0,0
2015-10-14,27,0,0,0,0,0,0
2015-10-15,30,0,0,0,0,0,0
2015-10-16,2,0,0,0,0,34,0
2015-10-17,38,0,0,0,0,0,0
2015-10-18,49,0,0,0,0,0,0
2015-10-19,22,0,0,0,0,0,12
2015-10-20,14,0,0,0,0,0,0
2015-10-21,18,0,0,0,0,0,12
2015-10-22,20,0,0,0,0,0,0
2015-10-23,8,0,0,0,0,29,0
2015-10-24,21,0,0,0,0,0,0
2015-10-25,40,0,0,0,0,0,0
2015-10-26,21,0,0,0,10,0,12
2015-10-27,18,0,0,0,0,0,0
2015-10-28,18,0,0,0,0,0,0
2015-10-29,13,0,0,0,0,0,0
2015-10-30,5,0,0,0,0,16,0
2015-10-31,19,0,0,0,0,16,0
2015-11-01,79,0,0,0,0,0,0
2015-11-02,22,0,0,0,0,0,0
2015-11-03,30,0,0,0,0,0,0
2015-11-04,18,0,0,0,6,0,12
2015-11-05,24,0,0,0,0,0,0
2015-11-06,8,0,0,0,68,46,60
2015-11-07,20,0,0,0,0,0,0
2015-11-08,40,0,0,0,0,0,0
2015-11-09,19,0,0,0,0,0,0
2015-11-10,20,0,0,0,0,0,0
2015-11-11,11,0,0,0,12,0,12
2015-11-12,19,0,0,0,0,0,0
2015-11-13,6,0,0,0,20,63,11
2015-11-14,40,0,0,0,0,0,0
2015-11-15,29,0,0,0,0,0,0
2015-11-16,9,0,0,0,106,0,55
2015-11-17,13,0,0,0,73,0,50
2015-11-18,14,4,0,0,60,0,76
2015-11-19,16,0,0,0,116,0,46
2015-11-20,7,0,0,0,71,43,47
2015-11-21,66,0,0,0,0,14,0
2015-11-22,64,0,0,0,0,0,0
2015-11-23,15,0,0,0,69,0,93
2015-11-24,17,0,0,0,159,0,0
2015-11-25,13,0,0,0,0,0,9
2015-11-26,0,0,0,0,0,0,0
2015-11-27,7,0,0,0,0,20,0
2015-11-28,42,0,0,0,0,0,0
2015-11-29,32,0,0,0,0,0,0
2015-11-30,10,0,0,0,154,0,76
2015-12-01,18,0,44,0,201,0,57
2015-12-02,17,0,0,0,66,0,60
2015-12-03,20,0,0,0,148,0,32
2015-12-04,3,0,2,0,75,58,57
2015-12-05,46,0,0,0,0,6,10
2015-12-06,94,0,0,0,0,6,0
2015-12-07,19,0,0,0,0,0,0
2015-12-08,11,0,0,0,70,0,33
2015-12-09,12,5,0,0,0,0,0
2015-12-10,18,0,0,0,0,0,0
2015-12-11,6,0,0,0,136,30,173
2015-12-12,44,0,0,0,0,25,0
2015-12-13,34,0,0,0,0,15,0
2015-12-14,12,0,0,0,26,0,43
2015-12-15,21,6,0,0,43,0,38
2015-12-16,24,0,0,0,42,0,77
2015-12-17,28,0,0,0,63,0,28
2015-12-18,18,0,0,0,56,17,16
2015-12-19,26,0,0,0,0,0,0
2015-12-20,32,0,0,0,0,0,0
2015-12-21,19,0,0,0,0,0,39
2015-12-22,23,0,0,0,31,0,30
2015-12-23,39,0,0,0,0,0,0
2015-12-24,17,0,0,0,0,0,0
2015-12-25,0,0,0,0,0,0,0
2015-12-26,30,0,0,0,0,0,0
2015-12-27,0,0,0,0,0,0,0
2015-12-28,16,0,0,0,13,0,30
2015-12-29,33,0,0,0,20,0,28
2015-12-30,15,0,0,0,55,0,49
2015-12-31,16,0,0,0,18,0,23
2016-01-01,0,0,0,0,0,0,0
2016-01-02,21,0,0,0,0,0,0
2016-01-03,32,0,0,0,0,0,0
2016-01-04,23,0,0,0,0,0,55
2016-01-05,15,0,0,0,41,0,41
2016-01-06,20,0,0,0,70,0,50
2016-01-07,18,0,0,0,85,0,32
2016-01-08,21,0,0,0,122,47,62
2016-01-09,45,0,0,0,0,12,0
2016-01-10,46,0,0,0,0,19,0
2016-01-11,14,0,0,0,94,0,53
2016-01-12,12,0,0,0,96,0,24
2016-01-13,20,0,0,0,0,0,0
2016-01-14,20,4,0,0,122,0,43
2016-01-15,10,0,0,0,0,51,0
2016-01-16,47,0,0,0,0,18,0
2016-01-17,60,0,0,0,0,19,0
2016-01-18,15,0,0,0,23,0,29
2016-01-19,16,6,0,0,92,0,47
2016-01-20,14,0,0,0,81,0,58
2016-01-21,11,0,0,0,0,0,0
2016-01-22,7,0,0,0,102,59,34
2016-01-23,74,0,0,0,0,0,0
2016-01-24,77,0,0,0,0,0,0
2016-01-25,14,0,0,0,52,0,42
2016-01-26,22,0,0,0,52,0,50
2016-01-27,22,0,0,0,45,0,43
2016-01-28,19,0,0,0,52,0,43
2016-01-29,4,0,0,0,44,70,44
2016-01-30,29,0,1,0,0,0,0
2016-01-31,50,0,0,0,0,0,0
2016-02-01,19,0,0,0,36,0,42
2016-02-02,17,0,0,0,54,0,23
2016-02-03,28,0,0,0,0,0,0
2016-02-04,17,0,0,0,37,0,40
2016-02-05,8,0,0,0,5,55,30
2016-02-06,50,0,0,0,0,0,0
2016-02-07,36,0,0,0,0,0,0
2016-02-08,22,11,0,0,31,0,40
2016-02-09,20,0,0,0,0,0,0
2016-02-10,22,0,0,0,190,0,100
2016-02-11,20,0,0,0,0,0,0
2016-02-12,3,0,0,0,144,37,51
2016-02-13,49,0,0,0,0,17,0
2016-02-14,51,0,0,0,0,0,0
2016-02-15,33,0,0,0,8,0,37
2016-02-16,36,6,2,0,20,0,19
2016-02-17,49,0,0,0,62,0,51
2016-02-18,16,20,0,0,0,0,0
2016-02-19,4,0,0,0,60,56,34
2016-02-20,49,0,0,0,0,0,35
2016-02-21,107,0,0,0,0,12,0
2016-02-22,16,0,0,0,35,0,35
2016-02-23,12,14,0,0,95,0,20
2016-02-24,13,0,0,0,24,0,34
2016-02-25,30,0,0,0,0,0,0
2016-02-26,5,0,0,0,0,55,0
2016-02-27,62,0,0,0,0,0,0
2016-02-28,60,0,0,0,0,0,0
2016-02-29,36,0,0,0,11,0,31
2016-03-01,38,10,0,0,128,0,19
2016-03-02,16,0,0,0,0,0,0
2016-03-03,21,0,0,0,110,0,34
2016-03-04,9,0,0,0,0,54,28
2016-03-05,63,0,0,0,0,10,0
2016-03-06,73,0,0,0,0,0,0
2016-03-07,49,16,0,0,9,0,34
2016-03-08,44,8,0,0,0,0,16
2016-03-09,28,1,0,0,15,0,44
2016-03-10,24,3,0,0,35,0,25
2016-03-11,3,0,0,0,0,90,40
2016-03-12,21,0,0,0,0,0,0
2016-03-13,73,0,0,0,0,9,0
2016-03-14,24,0,0,0,55,0,43
2016-03-15,31,0,0,0,49,0,21
2016-03-16,21,0,0,0,24,0,9
2016-03-17,32,0,0,0,99,0,15
2016-03-18,5,0,0,0,0,49,0
2016-03-19,50,0,0,0,0,27,0
2016-03-20,72,0,0,0,0,0,0
2016-03-21,41,0,0,0,57,0,29
2016-03-22,35,0,0,0,66,0,23
2016-03-23,31,0,0,0,39,0,42
2016-03-24,30,0,0,0,57,0,47
2016-03-25,7,0,0,0,0,65,12
2016-03-26,18,0,0,0,0,0,0
2016-03-27,0,0,0,0,0,0,0
2016-03-28,52,0,0,0,0,0,0
2016-03-29,39,0,0,0,37,0,11
2016-03-30,79,0,0,0,700,0,350
2016-03-31,62,0,0,0,0,0,0
2016-04-01,10,0,0,0,0,77,11
2016-04-02,86,0,0,0,0,0,0
2016-04-03,92,0,0,0,0,0,0
2016-04-04,29,0,0,0,23,0,41
2016-04-05,28,8,0,0,68,0,23
2016-04-06,56,0,0,0,21,0,37
2016-04-07,20,0,0,0,21,0,27
2016-04-08,9,0,0,0,0,76,38
2016-04-09,82,0,0,0,0,9,0
2016-04-10,70,0,0,0,0,28,0
2016-04-11,60,10,0,0,19,0,39
2016-04-12,27,0,0,0,52,0,21
2016-04-13,40,0,0,0,10,0,8
2016-04-14,46,0,0,0,0,0,0
2016-04-15,7,0,0,0,32,49,12
2016-04-16,47,10,0,0,0,0,8
2016-04-17,72,0,0,0,0,14,0
2016-04-18,32,0,0,0,12,0,47
2016-04-19,31,0,0,0,41,0,28
2016-04-20,45,0,0,0,29,0,68
2016-04-21,18,0,0,0,19,0,26
2016-04-22,6,0,0,0,0,70,27
2016-04-23,68,0,0,0,0,0,7
2016-04-24,146,0,0,0,0,0,0
2016-04-25,30,0,0,0,14,0,48
2016-04-26,25,0,0,0,35,0,26
2016-04-27,29,4,0,0,7,0,54
2016-04-28,18,0,0,0,13,0,53
2016-04-29,10,0,0,0,0,0,29
2016-04-30,97,0,984,0,0,10,0
2016-05-01,78,0,12,0,0,0,0
2016-05-02,8,0,22,0,0,0,50
2016-05-03,47,10,27,0,130,0,38
2016-05-04,26,0,8,0,108,0,29
2016-05-05,33,0,4,0,160,0,41
2016-05-06,7,0,26,0,0,81,27
2016-05-07,90,0,16,0,0,0,0
2016-05-08,35,0,0,0,0,0,0
2016-05-09,31,0,2,0,0,0,48
2016-05-10,41,4,8,0,0,0,21
2016-05-11,32,8,9,0,20,0,54
2016-05-12,25,0,2,0,91,0,12
2016-05-13,2,0,3,0,0,123,38
2016-05-14,129,0,4,0,0,0,0
2016-05-15,146,0,2,0,0,0,0
2016-05-16,50,0,3,0,0,0,29
2016-05-17,26,0,0,0,31,0,28
2016-05-18,38,5,2,0,0,0,0
2016-05-19,31,10,24,0,240,0,31
2016-05-20,7,0,5,0,75,173,40
2016-05-21,129,0,7,0,0,9,0
2016-05-22,257,0,0,0,0,62,0
2016-05-23,59,0,4,3,150,0,47
2016-05-24,59,4,5,0,63,0,23
2016-05-25,109,12,7,0,43,0,29
2016-05-26,109,0,14,0,0,0,23
2016-05-27,5,0,16,0,0,144,18
2016-05-28,604,0,126,8,0,0,0
2016-05-29,535,0,14,15,0,184,0
2016-05-30,1113,0,20,23,0,38,0
2016-05-31,446,0,49,37,0,0,0
2016-06-01,303,9,38,51,0,0,26
2016-06-02,719,2,38,117,0,0,25
2016-06-03,942,11,32,111,0,185,28
2016-06-04,823,27,15,53,0,9,0
2016-06-05,678,0,19,14,0,685,0
2016-06-06,879,145,32,185,0,0,0
2016-06-07,977,90,35,148,0,0,0
2016-06-08,1063,211,23,174,0,0,60
2016-06-09,998,139,30,131,0,0,321
2016-06-10,906,280,15,124,0,163,39
2016-06-11,896,20,5,74,0,17,0
2016-06-12,640,0,5,2,0,861,300
2016-06-13,698,122,4,89,0,0,156
2016-06-14,996,233,35,233,0,0,28
2016-06-15,903,220,26,96,0,0,0
2016-06-16,805,199,8,123,0,0,0
2016-06-17,880,299,22,61,0,113,290
2016-06-18,899,11,7,86,0,84,0
2016-06-19,458,0,4,4,0,302,0
2016-06-20,779,184,26,71,0,0,182
2016-06-21,895,294,14,95,0,0,28
2016-06-22,798,238,12,218,0,60,537
2016-06-23,811,245,9,114,0,0,1049
2016-06-24,798,288,5,97,0,123,100
2016-06-25,767,0,2,84,0,87,200
2016-06-26,441,0,3,0,0,333,0
2016-06-27,712,205,10,57,0,0,349
2016-06-28,753,279,3,96,0,162,470
2016-06-29,712,281,6,60,0,0,50
2016-06-30,418,301,11,59,200,400,589
2016-07-01,383,165,18,23,0,88,50
2016-07-02,446,0,0,25,0,150,0
2016-07-03,469,0,0,1,0,321,285
2016-07-04,502,0,0,23,0,0,10
2016-07-05,449,174,12,83,0,0,127
2016-07-06,722,248,2,64,0,0,0
2016-07-07,832,253,11,116,0,0,54
2016-07-08,678,229,4,67,0,115,239
2016-07-09,973,0,8,71,0,12,0
2016-07-10,623,0,1,2,0,380,0
2016-07-11,633,170,9,35,0,0,70
2016-07-12,740,198,8,109,3,0,50
2016-07-13,616,328,5,60,0,0,63
2016-07-14,720,272,4,81,0,0,34
2016-07-15,745,187,2,80,0,130,86
2016-07-16,840,20,0,59,0,29,0
2016-07-17,519,12,3,0,0,405,0
2016-07-18,557,171,4,51,0,150,250
2016-07-19,528,178,9,51,0,0,94
2016-07-20,634,268,7,60,0,0,89
2016-07-21,652,221,10,43,0,0,37
2016-07-22,679,218,3,85,0,80,91
2016-07-23,891,52,-2,103,0,22,0
2016-07-24,448,0,1,0,0,395,0
2016-07-25,572,123,7,40,0,0,0
2016-07-26,559,164,0,45,0,0,215
2016-07-27,623,227,1,63,0,0,240
2016-07-28,775,207,0,58,0,0,15
2016-07-29,554,132,0,59,0,34,3
2016-07-30,643,15,0,35,0,68,0
2016-07-31,438,14,0,6,0,372,0
2016-08-01,591,51,61,52,0,0,15
2016-08-02,468,0,2,23,0,200,429
2016-08-03,565,46,5,46,0,0,200
2016-08-04,501,20,0,46,0,0,15
2016-08-05,320,19,0,4,0,46,5
2016-08-06,378,20,0,31,0,61,0
2016-08-07,384,11,0,0,0,323,0
2016-08-08,167,0,0,21,0,0,8
2016-08-09,173,0,0,11,0,0,0
2016-08-10,157,0,0,55,0,0,0
2016-08-11,66,0,0,3,0,0,0
2016-08-12,67,0,0,12,0,102,0
2016-08-13,418,4,0,34,0,55,0
2016-08-14,377,0,0,10,0,62,0
2016-08-15,77,0,0,16,252,0,0
2016-08-16,55,8,0,1,0,0,0
2016-08-17,87,0,0,1,530,0,0
2016-08-18,78,0,0,5,163,0,0
2016-08-19,61,0,0,0,519,86,5
2016-08-20,236,0,0,23,0,26,8
2016-08-21,149,0,0,9,0,0,0
2016-08-22,30,0,2,0,150,0,0
2016-08-23,38,0,0,6,125,0,0
2016-08-24,65,0,0,0,703,0,0
2016-08-25,49,0,0,0,177,0,42
2016-08-26,29,0,0,3,150,54,5
2016-08-27,222,0,0,11,0,44,27
2016-08-28,248,0,0,0,0,44,0
2016-08-29,31,0,2,0,875,0,33
2016-08-30,25,0,0,0,1202,0,26
2016-08-31,15,5,0,2,167,0,44
2016-09-01,21,0,0,0,0,0,0
2016-09-02,7,0,0,0,129,84,26
2016-09-03,86,0,0,0,0,0,8
2016-09-04,92,0,0,0,0,0,0
2016-09-05,8,0,0,0,0,0,2
2016-09-06,16,0,0,0,96,0,0
2016-09-07,13,0,0,0,205,0,55
2016-09-08,23,0,0,0,0,0,0
2016-09-09,6,0,0,0,0,95,38
2016-09-10,54,0,0,2,0,0,0
2016-09-11,82,0,0,0,0,0,0
2016-09-12,2,0,0,0,0,0,0
2016-09-13,18,0,0,0,0,0,0
2016-09-14,23,3,0,0,13,0,44
2016-09-15,17,0,0,0,0,0,0
2016-09-16,4,0,0,0,0,49,29
2016-09-17,68,0,0,0,0,17,20
2016-09-18,57,0,0,0,0,37,0
2016-09-19,19,0,0,0,0,0,49
2016-09-20,11,0,0,0,0,0,0
2016-09-21,15,0,0,0,0,0,35
2016-09-22,18,0,0,0,0,0,0
2016-09-23,10,0,0,0,0,35,34
2016-09-24,79,0,0,0,0,56,4
2016-09-25,48,0,0,0,0,66,0
2016-09-26,17,0,1,0,43,0,57
2016-09-27,24,4,0,0,0,0,0
2016-09-28,28,0,0,0,0,0,74
2016-09-29,27,0,0,0,240,0,12
2016-09-30,5,0,0,0,0,92,25
2016-10-01,34,0,0,0,0,0,0
2016-10-02,74,0,0,0,0,0,0
2016-10-03,17,0,0,0,0,0,53
2016-10-04,19,0,0,0,0,0,0
2016-10-05,22,4,0,0,10,0,42
2016-10-06,9,0,0,0,0,0,0
2016-10-07,6,0,0,0,0,48,0
2016-10-08,37,0,0,0,0,0,33
2016-10-09,48,0,0,0,0,0,0
2016-10-10,18,0,0,0,0,0,37
2016-10-11,10,9,0,0,0,0,0
2016-10-12,22,0,0,0,30,0,48
2016-10-13,9,0,0,0,0,0,0
2016-10-14,4,0,0,0,0,0,6
2016-10-15,68,0,0,0,0,8,10
2016-10-16,100,0,0,0,0,3,0
2016-10-17,6,0,0,0,23,0,54
2016-10-18,15,0,0,0,0,0,0
2016-10-19,17,0,0,0,26,0,81
2016-10-20,15,0,0,0,0,22,0
2016-10-21,1,0,0,0,17,30,47
2016-10-22,49,0,0,0,0,20,14
2016-10-23,60,0,0,0,0,0,0
2016-10-24,14,0,0,0,42,0,71
2016-10-25,11,0,0,0,0,0,0
2016-10-26,8,0,0,0,10,0,61
2016-10-27,11,0,0,0,0,0,0
2016-10-28,4,0,0,0,106,33,190
2016-10-29,87,0,0,0,0,6,10
2016-10-30,63,0,0,0,0,0,0
2016-10-31,3,0,0,0,0,0,44
2016-11-01,18,0,0,0,25,0,28
2016-11-02,11,0,0,0,0,0,0
2016-11-03,10,0,0,0,42,0,8
2016-11-04,2,0,0,0,37,28,32
2016-11-05,46,0,0,0,0,11,0
2016-11-06,34,0,0,0,0,0,0
2016-11-07,11,0,0,0,77,0,69
2016-11-08,13,0,0,0,0,0,0
2016-11-09,14,0,0,0,40,0,62
2016-11-10,8,0,0,0,0,0,0
2016-11-11,11,0,0,0,64,27,0
2016-11-12,37,0,0,0,21,0,48
2016-11-13,58,0,0,0,0,42,0
2016-11-14,10,11,0,0,0,0,0
2016-11-15,6,0,0,0,174,0,100
2016-11-16,39,0,0,0,0,0,55
2016-11-17,7,0,0,0,97,0,52
2016-11-18,6,0,0,0,9,27,33
2016-11-19,59,0,0,0,0,36,0
2016-11-20,26,6,0,0,0,0,0
2016-11-21,3,0,0,0,0,0,0
2016-11-22,14,0,0,0,109,0,0
2016-11-23,14,0,0,0,0,0,0
2016-11-24,0,0,0,0,0,0,0
2016-11-25,8,0,0,0,0,24,0
2016-11-26,37,0,0,0,0,17,16
2016-11-27,48,0,0,0,0,0,0
2016-11-28,2,0,0,0,65,0,80
2016-11-29,17,0,0,0,0,0,0
2016-11-30,4,0,0,0,102,0,40
2016-12-01,7,0,49,0,87,0,48
2016-12-02,3,0,0,0,121,10,38
2016-12-03,15,0,0,0,0,14,5
2016-12-04,29,0,0,0,0,0,0
2016-12-05,12,0,2,0,0,0,0
2016-12-06,14,16,0,0,0,0,0
2016-12-07,4,0,0,0,32,0,33
2016-12-08,7,0,0,0,35,0,32
2016-12-09,3,0,0,0,0,24,0
2016-12-10,41,0,0,0,35,18,42
2016-12-11,37,0,0,0,0,10,0
2016-12-12,1,0,0,0,36,0,41
2016-12-13,12,6,0,0,30,0,30
2016-12-14,14,0,0,0,0,0,0
2016-12-15,6,0,0,0,0,0,0
2016-12-16,3,0,0,0,0,14,0
2016-12-17,16,0,0,0,0,0,0
2016-12-18,30,0,0,0,0,0,0
2016-12-19,2,0,0,0,0,0,0
2016-12-20,17,0,0,0,20,0,47
2016-12-21,10,0,0,0,0,0,0
2016-12-22,12,0,0,0,33,0,70
2016-12-23,25,0,0,0,0,0,45
2016-12-24,0,0,0,0,0,0,0
2016-12-25,0,0,0,0,0,0,0
2016-12-26,11,0,0,0,0,0,0
2016-12-27,12,0,0,0,0,0,0
2016-12-28,17,0,0,0,6,0,62
2016-12-29,30,0,0,0,18,0,9
2016-12-30,3,0,0,0,13,71,23
2016-12-31,0,0,0,0,0,0,0
